{
  "id": "AJt025gDBAUD2X5a",
  "meta": {
    "instanceId": "51b90de3801d5692ca397de394447e07bae7e35aa9a27ffdc72d65d9d40f8ec7",
    "templateCredsSetupCompleted": true
  },
  "name": "GoogleUpload_To_Youtube",
  "tags": [],
  "nodes": [
    {
      "id": "f82cc585-06fa-44bb-871d-30533e16b101",
      "name": "Watch New Song in Drive",
      "type": "n8n-nodes-base.googleDriveTrigger",
      "position": [
        -2660,
        -240
      ],
      "parameters": {},
      "typeVersion": 1
    },
    {
      "id": "8064ff79-4890-4d6a-96d3-cfae1cc1509e",
      "name": "Description",
      "type": "@n8n/n8n-nodes-langchain.openAi",
      "notes": "Attempt failed so retrying",
      "position": [
        -580,
        -240
      ],
      "parameters": {},
      "notesInFlow": true,
      "retryOnFail": true,
      "typeVersion": 1.8,
      "waitBetweenTries": 3000
    },
    {
      "id": "8b8ce21e-5185-4248-943f-beca41463a5a",
      "name": "Transcribe",
      "type": "@n8n/n8n-nodes-langchain.openAi",
      "position": [
        -860,
        -240
      ],
      "parameters": {},
      "typeVersion": 1.8
    },
    {
      "id": "725ce27c-14ed-4f89-b46c-4fcd8a3f260d",
      "name": "Image Prompt",
      "type": "@n8n/n8n-nodes-langchain.openAi",
      "notes": "Attempt failed so retrying",
      "maxTries": 5,
      "position": [
        1660,
        -220
      ],
      "parameters": {},
      "notesInFlow": true,
      "retryOnFail": true,
      "typeVersion": 1.8,
      "waitBetweenTries": 3000
    },
    {
      "id": "bdf778fc-2a32-4173-99e5-8241821c8cb6",
      "name": "Cover Art",
      "type": "@n8n/n8n-nodes-langchain.openAi",
      "position": [
        2700,
        -200
      ],
      "parameters": {},
      "typeVersion": 1.8
    },
    {
      "id": "899252bc-900e-4aa1-8819-c2c891cbacb5",
      "name": "Upload Art",
      "type": "n8n-nodes-base.googleDrive",
      "position": [
        2980,
        -200
      ],
      "parameters": {},
      "retryOnFail": true,
      "typeVersion": 3,
      "waitBetweenTries": 3000
    },
    {
      "id": "4de56e78-f708-4af7-ab58-e1f0639a9aa0",
      "name": "Download Audio",
      "type": "n8n-nodes-base.googleDrive",
      "position": [
        -1520,
        -240
      ],
      "parameters": {},
      "retryOnFail": true,
      "typeVersion": 3
    },
    {
      "id": "d3b55cc0-23f9-471a-b286-f2de92dda779",
      "name": "Combine Audio + Image",
      "type": "n8n-nodes-base.httpRequest",
      "position": [
        4760,
        40
      ],
      "parameters": {},
      "retryOnFail": true,
      "typeVersion": 1,
      "waitBetweenTries": 5000
    },
    {
      "id": "267eb4c6-dcff-493b-ae9d-929cae87cb90",
      "name": "Upload",
      "type": "n8n-nodes-base.youTube",
      "position": [
        1300,
        1240
      ],
      "parameters": {},
      "typeVersion": 1
    },
    {
      "id": "0452bb88-7ba8-4d1d-85d5-e5802409ba86",
      "name": "Tags",
      "type": "@n8n/n8n-nodes-langchain.openAi",
      "notes": "Attempt failed so retrying",
      "position": [
        -1520,
        1240
      ],
      "parameters": {},
      "notesInFlow": true,
      "retryOnFail": true,
      "typeVersion": 1.8,
      "waitBetweenTries": 3000
    },
    {
      "id": "ed6dacad-465b-45e6-81f4-39ed6eed8303",
      "name": "Get Schedule",
      "type": "n8n-nodes-base.googleSheets",
      "position": [
        -580,
        1240
      ],
      "parameters": {},
      "typeVersion": 4.6
    },
    {
      "id": "1e97bcd5-7390-4434-80f3-5bd74922d8d8",
      "name": "Update Row",
      "type": "n8n-nodes-base.googleSheets",
      "position": [
        2540,
        1240
      ],
      "parameters": {},
      "typeVersion": 4.6
    },
    {
      "id": "cd21a75a-8182-47b9-8e53-43f49ff9f6ce",
      "name": "Add",
      "type": "n8n-nodes-base.dateTime",
      "position": [
        80,
        1240
      ],
      "parameters": {},
      "typeVersion": 2
    },
    {
      "id": "11480187-e6a8-481c-9236-25e8af52b92b",
      "name": "If",
      "type": "n8n-nodes-base.if",
      "position": [
        2240,
        -220
      ],
      "parameters": {},
      "typeVersion": 2.2
    },
    {
      "id": "9d66c0a3-cd43-4ed9-ba3f-7d1cd41b7b38",
      "name": "Search Art",
      "type": "n8n-nodes-base.googleDrive",
      "position": [
        2040,
        -220
      ],
      "parameters": {},
      "retryOnFail": true,
      "typeVersion": 3,
      "alwaysOutputData": true,
      "waitBetweenTries": 3000
    },
    {
      "id": "3ee9c7e8-1393-4fde-ad47-3d16972e013e",
      "name": "Search Video",
      "type": "n8n-nodes-base.googleDrive",
      "position": [
        3900,
        -200
      ],
      "parameters": {},
      "retryOnFail": true,
      "typeVersion": 3,
      "alwaysOutputData": true,
      "waitBetweenTries": 3000
    },
    {
      "id": "7702185f-e340-45a8-b5c1-cb28011828be",
      "name": "Download Video",
      "type": "n8n-nodes-base.googleDrive",
      "position": [
        1100,
        1240
      ],
      "parameters": {},
      "retryOnFail": true,
      "typeVersion": 3
    },
    {
      "id": "c9aadcab-2681-4c19-bb67-9bbbca58d274",
      "name": "If1",
      "type": "n8n-nodes-base.if",
      "position": [
        4160,
        -200
      ],
      "parameters": {},
      "typeVersion": 2.2
    },
    {
      "id": "c67a7679-b46b-4e28-8480-ec5a73d94d0b",
      "name": "Delete Art",
      "type": "n8n-nodes-base.googleDrive",
      "position": [
        2460,
        -400
      ],
      "parameters": {},
      "retryOnFail": true,
      "typeVersion": 3,
      "waitBetweenTries": 3000
    },
    {
      "id": "53e5077e-1455-4a2e-b998-f16f0b1e278d",
      "name": "Delete Video",
      "type": "n8n-nodes-base.googleDrive",
      "position": [
        4420,
        -320
      ],
      "parameters": {},
      "retryOnFail": true,
      "typeVersion": 3
    },
    {
      "id": "0aba0888-1491-4663-9129-9a105fdfc8dc",
      "name": "Format Date For Youtube",
      "type": "n8n-nodes-base.code",
      "position": [
        340,
        1240
      ],
      "parameters": {},
      "typeVersion": 2
    },
    {
      "id": "85339928-b2cb-41e0-a76e-98dbe94243a2",
      "name": "Sort",
      "type": "n8n-nodes-base.sort",
      "position": [
        -360,
        1240
      ],
      "parameters": {},
      "typeVersion": 1
    },
    {
      "id": "8eec23b5-0084-4cd1-a318-59bce571cc1c",
      "name": "Limit",
      "type": "n8n-nodes-base.limit",
      "position": [
        -160,
        1240
      ],
      "parameters": {},
      "typeVersion": 1
    },
    {
      "id": "416d6c9b-6115-40b9-8952-71d21b38860e",
      "name": "Message",
      "type": "n8n-nodes-base.discord",
      "position": [
        2840,
        1500
      ],
      "webhookId": "f89fcd49-c854-4152-a346-4362a3adb8ee",
      "parameters": {},
      "typeVersion": 2
    },
    {
      "id": "5950c47d-41b3-449f-92ac-bde47f3883c7",
      "name": "Message1",
      "type": "n8n-nodes-base.discord",
      "position": [
        -1060,
        1500
      ],
      "webhookId": "f89fcd49-c854-4152-a346-4362a3adb8ee",
      "parameters": {},
      "typeVersion": 2
    },
    {
      "id": "8032a18b-b541-4385-a0c5-75ba0472ba5c",
      "name": "Message2",
      "type": "n8n-nodes-base.discord",
      "position": [
        -100,
        -460
      ],
      "webhookId": "f89fcd49-c854-4152-a346-4362a3adb8ee",
      "parameters": {},
      "typeVersion": 2
    },
    {
      "id": "abd1545c-4e4b-4ca9-b613-395332fdb7c8",
      "name": "Message3",
      "type": "n8n-nodes-base.discord",
      "position": [
        3260,
        -380
      ],
      "webhookId": "f89fcd49-c854-4152-a346-4362a3adb8ee",
      "parameters": {},
      "typeVersion": 2
    },
    {
      "id": "21f2c686-db86-4e60-aa88-c0856da239a4",
      "name": "Message4",
      "type": "n8n-nodes-base.discord",
      "position": [
        5380,
        0
      ],
      "webhookId": "f89fcd49-c854-4152-a346-4362a3adb8ee",
      "parameters": {},
      "typeVersion": 2
    },
    {
      "id": "343c43ba-a1ac-431a-ab25-1c68400e57f3",
      "name": "Message5",
      "type": "n8n-nodes-base.discord",
      "disabled": true,
      "position": [
        -1520,
        -440
      ],
      "webhookId": "f89fcd49-c854-4152-a346-4362a3adb8ee",
      "parameters": {},
      "typeVersion": 2
    },
    {
      "id": "1141de3b-d025-44c2-b18a-2adecd8350c8",
      "name": "Execution Data6",
      "type": "n8n-nodes-base.executionData",
      "position": [
        2060,
        -460
      ],
      "parameters": {},
      "typeVersion": 1
    },
    {
      "id": "5ab32e2c-7e9f-4029-a749-9f0cb2cd4be9",
      "name": "Log",
      "type": "n8n-nodes-base.executionData",
      "position": [
        -620,
        -40
      ],
      "parameters": {},
      "typeVersion": 1
    },
    {
      "id": "1e4802cf-e9a2-4c4c-abb7-7249483b0603",
      "name": "Log2",
      "type": "n8n-nodes-base.executionData",
      "position": [
        -200,
        -80
      ],
      "parameters": {},
      "typeVersion": 1
    },
    {
      "id": "a92d19a5-91b5-4a49-8530-095b5999dae1",
      "name": "Log1",
      "type": "n8n-nodes-base.executionData",
      "position": [
        3260,
        -40
      ],
      "parameters": {},
      "typeVersion": 1
    },
    {
      "id": "5db0a09c-689c-49ce-af72-98da7218c7b2",
      "name": "Log3",
      "type": "n8n-nodes-base.executionData",
      "position": [
        5380,
        240
      ],
      "parameters": {},
      "typeVersion": 1
    },
    {
      "id": "f31b2a86-647a-4f3c-82f3-0dec88906987",
      "name": "Log4",
      "type": "n8n-nodes-base.executionData",
      "position": [
        2840,
        1240
      ],
      "parameters": {},
      "typeVersion": 1
    },
    {
      "id": "6cca815f-e9b7-4869-a67a-aae1a218ca24",
      "name": "Log5",
      "type": "n8n-nodes-base.executionData",
      "position": [
        1520,
        1040
      ],
      "parameters": {},
      "typeVersion": 1
    },
    {
      "id": "4fd9bc89-8627-49f2-b1cc-4e95484261bf",
      "name": "Log6",
      "type": "n8n-nodes-base.executionData",
      "position": [
        -1060,
        1740
      ],
      "parameters": {},
      "typeVersion": 1
    },
    {
      "id": "71465e30-2939-4ffa-9c11-e4ab49d3dd6f",
      "name": "Log7",
      "type": "n8n-nodes-base.executionData",
      "position": [
        4760,
        -180
      ],
      "parameters": {},
      "typeVersion": 1
    },
    {
      "id": "4f7333b7-d250-451d-9346-f0e8e82e56c8",
      "name": "Log8",
      "type": "n8n-nodes-base.executionData",
      "position": [
        -2300,
        -40
      ],
      "parameters": {},
      "typeVersion": 1
    },
    {
      "id": "560f76f4-3231-4c72-94f4-5b1515a7f461",
      "name": "Log9",
      "type": "n8n-nodes-base.executionData",
      "position": [
        640,
        1700
      ],
      "parameters": {},
      "typeVersion": 1
    },
    {
      "id": "ddd2e1b1-8bcb-400b-b2e1-4ba787c9dec7",
      "name": "Format",
      "type": "n8n-nodes-base.dateTime",
      "position": [
        340,
        1500
      ],
      "parameters": {},
      "typeVersion": 2
    },
    {
      "id": "16fd3d57-dbf7-469a-a91c-d9284b2a67e4",
      "name": "Reggae",
      "type": "n8n-nodes-base.youTube",
      "position": [
        2100,
        800
      ],
      "parameters": {},
      "typeVersion": 1
    },
    {
      "id": "2327383e-a4c4-495e-ab68-db57ab03abb9",
      "name": "EDM",
      "type": "n8n-nodes-base.youTube",
      "position": [
        2100,
        1020
      ],
      "parameters": {},
      "typeVersion": 1
    },
    {
      "id": "bc5cf556-7041-406f-804b-eb815b5a1262",
      "name": "Switch",
      "type": "n8n-nodes-base.switch",
      "position": [
        1740,
        1180
      ],
      "parameters": {},
      "typeVersion": 3.2
    },
    {
      "id": "a333f6ca-d411-4dbd-bc29-471b373b3284",
      "name": "Determine Playlist",
      "type": "n8n-nodes-base.code",
      "position": [
        1520,
        1240
      ],
      "parameters": {},
      "typeVersion": 2
    },
    {
      "id": "87d0cc53-874d-4e1d-a9a4-a14b8541e901",
      "name": "Format1",
      "type": "n8n-nodes-base.dateTime",
      "position": [
        -1680,
        -440
      ],
      "parameters": {},
      "typeVersion": 2
    },
    {
      "id": "2f61bf21-b057-4609-a118-d11c2fdca8ed",
      "name": "Date & Time",
      "type": "n8n-nodes-base.dateTime",
      "position": [
        -1840,
        -440
      ],
      "parameters": {},
      "typeVersion": 2
    },
    {
      "id": "81481fe6-0bf2-49eb-ac3b-91441f7fab7d",
      "name": "If2",
      "type": "n8n-nodes-base.if",
      "position": [
        80,
        1060
      ],
      "parameters": {},
      "typeVersion": 2.2
    },
    {
      "id": "37e589a7-d5b6-4ec2-95bf-691054d2e398",
      "name": "Upload Video",
      "type": "n8n-nodes-base.googleDrive",
      "position": [
        5060,
        160
      ],
      "parameters": {},
      "typeVersion": 3
    },
    {
      "id": "67fe6ea2-b997-44d4-b4a8-b60b20677bd3",
      "name": "Clean Title",
      "type": "n8n-nodes-base.code",
      "position": [
        -2100,
        -240
      ],
      "parameters": {},
      "typeVersion": 2
    },
    {
      "id": "fd701b34-097b-4813-a414-585226f3594a",
      "name": "Keywords",
      "type": "n8n-nodes-base.set",
      "position": [
        -2300,
        -240
      ],
      "parameters": {},
      "typeVersion": 3.4
    },
    {
      "id": "1c17770d-3f20-4a4f-8c5d-0ae5adb1f63b",
      "name": "Country",
      "type": "n8n-nodes-base.youTube",
      "position": [
        2100,
        1240
      ],
      "parameters": {},
      "typeVersion": 1
    },
    {
      "id": "e24b5d4c-8d2c-48d6-bd9b-712b4079f59e",
      "name": "Pop",
      "type": "n8n-nodes-base.youTube",
      "position": [
        2100,
        1680
      ],
      "parameters": {},
      "typeVersion": 1
    },
    {
      "id": "b98603be-e1ff-4164-ad27-d533a822ddde",
      "name": "Disco",
      "type": "n8n-nodes-base.youTube",
      "position": [
        2100,
        1460
      ],
      "parameters": {},
      "typeVersion": 1
    },
    {
      "id": "ca469366-8ea9-4518-97e3-c2aa8447cae6",
      "name": "Truncate",
      "type": "n8n-nodes-base.code",
      "position": [
        -600,
        -460
      ],
      "parameters": {},
      "typeVersion": 2
    },
    {
      "id": "e21e702b-06a1-4de8-af7d-7fcdea524399",
      "name": "Message6",
      "type": "n8n-nodes-base.discord",
      "position": [
        -440,
        -460
      ],
      "webhookId": "f89fcd49-c854-4152-a346-4362a3adb8ee",
      "parameters": {},
      "typeVersion": 2
    },
    {
      "id": "ca724bb8-1e00-4be3-a52d-8ca852fe2cfa",
      "name": "Extract Genre",
      "type": "n8n-nodes-base.code",
      "position": [
        -1840,
        -240
      ],
      "parameters": {},
      "typeVersion": 2
    },
    {
      "id": "dc5c47fa-f47f-47f5-8c15-af88105b8780",
      "name": "Pop Style",
      "type": "n8n-nodes-base.set",
      "position": [
        800,
        60
      ],
      "parameters": {},
      "typeVersion": 3.4
    },
    {
      "id": "a27faedc-d633-4bbe-b504-f371234f2b85",
      "name": "Genre Styles",
      "type": "n8n-nodes-base.switch",
      "position": [
        460,
        -300
      ],
      "parameters": {},
      "typeVersion": 3.2
    },
    {
      "id": "5d8cec56-8389-4fd0-9956-ab691b7029fc",
      "name": "EDM Style",
      "type": "n8n-nodes-base.set",
      "position": [
        800,
        -540
      ],
      "parameters": {},
      "typeVersion": 3.4
    },
    {
      "id": "8c95bb90-e4c4-43e2-b291-cb8e6abccf1f",
      "name": "Country Style",
      "type": "n8n-nodes-base.set",
      "position": [
        800,
        -340
      ],
      "parameters": {},
      "typeVersion": 3.4
    },
    {
      "id": "b0becb2a-88d4-426f-84ae-86e9653c60f1",
      "name": "Disco Style",
      "type": "n8n-nodes-base.set",
      "position": [
        800,
        -140
      ],
      "parameters": {},
      "typeVersion": 3.4
    },
    {
      "id": "d52f574c-d47f-438e-a26f-51f46214fba9",
      "name": "Reggae Style",
      "type": "n8n-nodes-base.set",
      "position": [
        800,
        -740
      ],
      "parameters": {},
      "typeVersion": 3.4
    },
    {
      "id": "6f0e1cd0-d8ce-4276-ad0b-ce0437efead1",
      "name": "Random Style",
      "type": "n8n-nodes-base.set",
      "position": [
        800,
        280
      ],
      "parameters": {},
      "typeVersion": 3.4
    },
    {
      "id": "8c9de261-7f85-4812-897b-53841a301d00",
      "name": "Set Style",
      "type": "n8n-nodes-base.set",
      "position": [
        1220,
        -220
      ],
      "parameters": {},
      "typeVersion": 3.4
    },
    {
      "id": "6a3d7aa7-2c69-489f-badd-4eb0c3cf5347",
      "name": "Sticky Note",
      "type": "n8n-nodes-base.stickyNote",
      "position": [
        -920,
        -600
      ],
      "parameters": {
        "content": ""
      },
      "typeVersion": 1
    },
    {
      "id": "0ba4752c-0449-4240-a96e-66457bae4869",
      "name": "Sticky Note1",
      "type": "n8n-nodes-base.stickyNote",
      "position": [
        340,
        -880
      ],
      "parameters": {
        "content": ""
      },
      "typeVersion": 1
    },
    {
      "id": "0c9a2935-215a-4bc8-960d-325b29ecaace",
      "name": "Sticky Note2",
      "type": "n8n-nodes-base.stickyNote",
      "position": [
        1520,
        -560
      ],
      "parameters": {
        "content": ""
      },
      "typeVersion": 1
    },
    {
      "id": "f8bea771-2575-4c82-b867-86a2bfb8135a",
      "name": "Sticky Note3",
      "type": "n8n-nodes-base.stickyNote",
      "position": [
        3740,
        -460
      ],
      "parameters": {
        "content": ""
      },
      "typeVersion": 1
    },
    {
      "id": "87678f0a-a8f1-4f5d-9228-0879bdf38bc3",
      "name": "Sticky Note4",
      "type": "n8n-nodes-base.stickyNote",
      "position": [
        -660,
        920
      ],
      "parameters": {
        "content": ""
      },
      "typeVersion": 1
    },
    {
      "id": "e84b4cba-4431-4004-8dcb-58ee0b281bee",
      "name": "Sticky Note5",
      "type": "n8n-nodes-base.stickyNote",
      "position": [
        1040,
        740
      ],
      "parameters": {
        "content": ""
      },
      "typeVersion": 1
    },
    {
      "id": "34775b8c-87c2-4882-bf5b-583fda501996",
      "name": "Sticky Note6",
      "type": "n8n-nodes-base.stickyNote",
      "position": [
        -1680,
        1100
      ],
      "parameters": {
        "content": ""
      },
      "typeVersion": 1
    },
    {
      "id": "53a6a217-5087-4783-a802-7a379642f216",
      "name": "Sticky Note7",
      "type": "n8n-nodes-base.stickyNote",
      "position": [
        -2780,
        -560
      ],
      "parameters": {
        "content": ""
      },
      "typeVersion": 1
    }
  ],
  "active": true,
  "pinData": {},
  "settings": {
    "executionOrder": "v1"
  },
  "versionId": "e7c3f121-edd8-4059-aac2-59ae1c8a2a99",
  "connections": {
    "If": {
      "main": [
        [
          {
            "node": "Delete Art",
            "type": "main",
            "index": 0
          }
        ],
        [
          {
            "node": "Cover Art",
            "type": "main",
            "index": 0
          }
        ]
      ]
    },
    "Add": {
      "main": [
        [
          {
            "node": "Format Date For Youtube",
            "type": "main",
            "index": 0
          },
          {
            "node": "Format",
            "type": "main",
            "index": 0
          }
        ]
      ]
    },
    "EDM": {
      "main": [
        [
          {
            "node": "Update Row",
            "type": "main",
            "index": 0
          }
        ]
      ]
    },
    "If1": {
      "main": [
        [
          {
            "node": "Delete Video",
            "type": "main",
            "index": 0
          }
        ],
        [
          {
            "node": "Combine Audio + Image",
            "type": "main",
            "index": 0
          },
          {
            "node": "Log7",
            "type": "main",
            "index": 0
          }
        ]
      ]
    },
    "Pop": {
      "main": [
        [
          {
            "node": "Update Row",
            "type": "main",
            "index": 0
          }
        ]
      ]
    },
    "Log5": {
      "main": [
        []
      ]
    },
    "Log9": {
      "main": [
        []
      ]
    },
    "Sort": {
      "main": [
        [
          {
            "node": "Limit",
            "type": "main",
            "index": 0
          }
        ]
      ]
    },
    "Tags": {
      "main": [
        [
          {
            "node": "Get Schedule",
            "type": "main",
            "index": 0
          },
          {
            "node": "Message1",
            "type": "main",
            "index": 0
          },
          {
            "node": "Log6",
            "type": "main",
            "index": 0
          }
        ]
      ]
    },
    "Disco": {
      "main": [
        [
          {
            "node": "Update Row",
            "type": "main",
            "index": 0
          }
        ]
      ]
    },
    "Limit": {
      "main": [
        [
          {
            "node": "Add",
            "type": "main",
            "index": 0
          },
          {
            "node": "If2",
            "type": "main",
            "index": 0
          }
        ]
      ]
    },
    "Format": {
      "main": [
        [
          {
            "node": "Log9",
            "type": "main",
            "index": 0
          }
        ]
      ]
    },
    "Reggae": {
      "main": [
        [
          {
            "node": "Update Row",
            "type": "main",
            "index": 0
          }
        ]
      ]
    },
    "Switch": {
      "main": [
        [
          {
            "node": "Reggae",
            "type": "main",
            "index": 0
          }
        ],
        [
          {
            "node": "EDM",
            "type": "main",
            "index": 0
          }
        ],
        [
          {
            "node": "Country",
            "type": "main",
            "index": 0
          }
        ],
        [
          {
            "node": "Disco",
            "type": "main",
            "index": 0
          }
        ],
        [
          {
            "node": "Pop",
            "type": "main",
            "index": 0
          }
        ],
        [
          {
            "node": "Update Row",
            "type": "main",
            "index": 0
          }
        ]
      ]
    },
    "Upload": {
      "main": [
        [
          {
            "node": "Determine Playlist",
            "type": "main",
            "index": 0
          },
          {
            "node": "Log5",
            "type": "main",
            "index": 0
          }
        ]
      ]
    },
    "Country": {
      "main": [
        [
          {
            "node": "Update Row",
            "type": "main",
            "index": 0
          }
        ]
      ]
    },
    "Format1": {
      "main": [
        [
          {
            "node": "Message5",
            "type": "main",
            "index": 0
          }
        ]
      ]
    },
    "Keywords": {
      "main": [
        [
          {
            "node": "Clean Title",
            "type": "main",
            "index": 0
          }
        ]
      ]
    },
    "Message5": {
      "main": [
        []
      ]
    },
    "Truncate": {
      "main": [
        [
          {
            "node": "Message6",
            "type": "main",
            "index": 0
          }
        ]
      ]
    },
    "Cover Art": {
      "main": [
        [
          {
            "node": "Upload Art",
            "type": "main",
            "index": 0
          }
        ]
      ]
    },
    "EDM Style": {
      "main": [
        [
          {
            "node": "Set Style",
            "type": "main",
            "index": 0
          }
        ]
      ]
    },
    "Pop Style": {
      "main": [
        [
          {
            "node": "Set Style",
            "type": "main",
            "index": 0
          }
        ]
      ]
    },
    "Set Style": {
      "main": [
        [
          {
            "node": "Image Prompt",
            "type": "main",
            "index": 0
          }
        ]
      ]
    },
    "Delete Art": {
      "main": [
        [
          {
            "node": "Cover Art",
            "type": "main",
            "index": 0
          }
        ]
      ]
    },
    "Search Art": {
      "main": [
        [
          {
            "node": "If",
            "type": "main",
            "index": 0
          }
        ]
      ]
    },
    "Transcribe": {
      "main": [
        [
          {
            "node": "Description",
            "type": "main",
            "index": 0
          },
          {
            "node": "Log",
            "type": "main",
            "index": 0
          },
          {
            "node": "Truncate",
            "type": "main",
            "index": 0
          }
        ]
      ]
    },
    "Update Row": {
      "main": [
        [
          {
            "node": "Log4",
            "type": "main",
            "index": 0
          },
          {
            "node": "Message",
            "type": "main",
            "index": 0
          }
        ]
      ]
    },
    "Upload Art": {
      "main": [
        [
          {
            "node": "Message3",
            "type": "main",
            "index": 0
          },
          {
            "node": "Log1",
            "type": "main",
            "index": 0
          },
          {
            "node": "Search Video",
            "type": "main",
            "index": 0
          }
        ]
      ]
    },
    "Clean Title": {
      "main": [
        [
          {
            "node": "Extract Genre",
            "type": "main",
            "index": 0
          },
          {
            "node": "Date & Time",
            "type": "main",
            "index": 0
          }
        ]
      ]
    },
    "Date & Time": {
      "main": [
        [
          {
            "node": "Format1",
            "type": "main",
            "index": 0
          }
        ]
      ]
    },
    "Description": {
      "main": [
        [
          {
            "node": "Message2",
            "type": "main",
            "index": 0
          },
          {
            "node": "Log2",
            "type": "main",
            "index": 0
          },
          {
            "node": "Genre Styles",
            "type": "main",
            "index": 0
          }
        ]
      ]
    },
    "Disco Style": {
      "main": [
        [
          {
            "node": "Set Style",
            "type": "main",
            "index": 0
          }
        ]
      ]
    },
    "Delete Video": {
      "main": [
        [
          {
            "node": "Combine Audio + Image",
            "type": "main",
            "index": 0
          },
          {
            "node": "Log7",
            "type": "main",
            "index": 0
          }
        ]
      ]
    },
    "Genre Styles": {
      "main": [
        [
          {
            "node": "Reggae Style",
            "type": "main",
            "index": 0
          }
        ],
        [
          {
            "node": "EDM Style",
            "type": "main",
            "index": 0
          }
        ],
        [
          {
            "node": "Country Style",
            "type": "main",
            "index": 0
          }
        ],
        [
          {
            "node": "Disco Style",
            "type": "main",
            "index": 0
          }
        ],
        [
          {
            "node": "Pop Style",
            "type": "main",
            "index": 0
          }
        ],
        [
          {
            "node": "Random Style",
            "type": "main",
            "index": 0
          }
        ]
      ]
    },
    "Get Schedule": {
      "main": [
        [
          {
            "node": "Sort",
            "type": "main",
            "index": 0
          }
        ]
      ]
    },
    "Image Prompt": {
      "main": [
        [
          {
            "node": "Search Art",
            "type": "main",
            "index": 0
          },
          {
            "node": "Execution Data6",
            "type": "main",
            "index": 0
          }
        ]
      ]
    },
    "Random Style": {
      "main": [
        [
          {
            "node": "Set Style",
            "type": "main",
            "index": 0
          }
        ]
      ]
    },
    "Reggae Style": {
      "main": [
        [
          {
            "node": "Set Style",
            "type": "main",
            "index": 0
          }
        ]
      ]
    },
    "Search Video": {
      "main": [
        [
          {
            "node": "If1",
            "type": "main",
            "index": 0
          }
        ]
      ]
    },
    "Upload Video": {
      "main": [
        [
          {
            "node": "Message4",
            "type": "main",
            "index": 0
          },
          {
            "node": "Log3",
            "type": "main",
            "index": 0
          },
          {
            "node": "Tags",
            "type": "main",
            "index": 0
          }
        ]
      ]
    },
    "Country Style": {
      "main": [
        [
          {
            "node": "Set Style",
            "type": "main",
            "index": 0
          }
        ]
      ]
    },
    "Extract Genre": {
      "main": [
        [
          {
            "node": "Download Audio",
            "type": "main",
            "index": 0
          }
        ]
      ]
    },
    "Download Audio": {
      "main": [
        [
          {
            "node": "Transcribe",
            "type": "main",
            "index": 0
          }
        ]
      ]
    },
    "Download Video": {
      "main": [
        [
          {
            "node": "Upload",
            "type": "main",
            "index": 0
          }
        ]
      ]
    },
    "Determine Playlist": {
      "main": [
        [
          {
            "node": "Switch",
            "type": "main",
            "index": 0
          }
        ]
      ]
    },
    "Combine Audio + Image": {
      "main": [
        [
          {
            "node": "Upload Video",
            "type": "main",
            "index": 0
          }
        ]
      ]
    },
    "Format Date For Youtube": {
      "main": [
        [
          {
            "node": "Download Video",
            "type": "main",
            "index": 0
          }
        ]
      ]
    },
    "Watch New Song in Drive": {
      "main": [
        [
          {
            "node": "Log8",
            "type": "main",
            "index": 0
          },
          {
            "node": "Keywords",
            "type": "main",
            "index": 0
          }
        ]
      ]
    }
  }
}