{
  "meta": {
    "instanceId": "5efc26f112f4ed4c39bd99ff12cfc224e06167a55f485bb94b5fe086b1b3b957",
    "templateCredsSetupCompleted": true
  },
  "nodes": [
    {
      "id": "77ec7560-de17-44e2-8080-2b0967af801d",
      "name": "Apollo Scraper",
      "type": "n8n-nodes-base.httpRequest",
      "position": [
        3240,
        280
      ],
      "parameters": {},
      "typeVersion": 4.2
    },
    {
      "id": "bc462ebc-7ef4-4902-9399-c6f0e1bf461c",
      "name": "Extract Info",
      "type": "n8n-nodes-base.set",
      "position": [
        3460,
        280
      ],
      "parameters": {},
      "typeVersion": 3.4
    },
    {
      "id": "d58d4680-40ac-46db-ba5d-e84f76f5ebb9",
      "name": "Loop Over Items",
      "type": "n8n-nodes-base.splitInBatches",
      "position": [
        520,
        1065
      ],
      "parameters": {},
      "typeVersion": 3
    },
    {
      "id": "dc200262-6244-4f01-9293-dcc6b58ef779",
      "name": "Google Gemini Chat Model3",
      "type": "@n8n/n8n-nodes-langchain.lmChatGoogleGemini",
      "position": [
        2980,
        680
      ],
      "parameters": {},
      "typeVersion": 1
    },
    {
      "id": "e5f7fe6f-ab0f-4913-9d93-55221f0db3f0",
      "name": "Structured Output Parser",
      "type": "@n8n/n8n-nodes-langchain.outputParserStructured",
      "position": [
        3140,
        680
      ],
      "parameters": {},
      "typeVersion": 1.2
    },
    {
      "id": "5b647abe-9775-4f1e-9864-6e04dd418335",
      "name": "Schedule Trigger1",
      "type": "n8n-nodes-base.scheduleTrigger",
      "position": [
        80,
        1065
      ],
      "parameters": {},
      "typeVersion": 1.2
    },
    {
      "id": "a5e2d351-9179-44c4-9a0e-c133452b63c3",
      "name": "Sticky Note",
      "type": "n8n-nodes-base.stickyNote",
      "position": [
        2880,
        140
      ],
      "parameters": {
        "content": ""
      },
      "typeVersion": 1
    },
    {
      "id": "15fde4f4-6735-4837-8720-d2985cb9415d",
      "name": "Sticky Note1",
      "type": "n8n-nodes-base.stickyNote",
      "position": [
        -20,
        500
      ],
      "parameters": {
        "content": ""
      },
      "typeVersion": 1
    },
    {
      "id": "a30c60de-307b-4620-baf5-14d8747da7ae",
      "name": "Sticky Note2",
      "type": "n8n-nodes-base.stickyNote",
      "position": [
        -20,
        140
      ],
      "parameters": {
        "content": ""
      },
      "typeVersion": 1
    },
    {
      "id": "bc2ca608-44e3-4880-ac87-801b3f60806f",
      "name": "Get Prospects",
      "type": "n8n-nodes-base.googleSheets",
      "position": [
        300,
        1065
      ],
      "parameters": {},
      "typeVersion": 4.6
    },
    {
      "id": "ec5abb5c-eaf6-41ad-9b73-618aad388c67",
      "name": "TrustPilot Scraper",
      "type": "n8n-nodes-base.httpRequest",
      "onError": "continueRegularOutput",
      "position": [
        2500,
        600
      ],
      "parameters": {},
      "typeVersion": 4.2,
      "alwaysOutputData": true
    },
    {
      "id": "c860eddd-7843-4ccd-abaf-6b850a467f50",
      "name": "Research Company - Perplexity",
      "type": "n8n-nodes-base.httpRequest",
      "position": [
        2060,
        840
      ],
      "parameters": {},
      "typeVersion": 4.2
    },
    {
      "id": "af2332ed-f6c8-4d23-9b41-afde9c2c575a",
      "name": "Linkedin Scraper",
      "type": "n8n-nodes-base.httpRequest",
      "onError": "continueRegularOutput",
      "position": [
        940,
        840
      ],
      "parameters": {},
      "typeVersion": 4.2,
      "alwaysOutputData": true
    },
    {
      "id": "1e891c03-9974-4c40-ab4b-b683a120d01c",
      "name": "If Linkedin Exists?",
      "type": "n8n-nodes-base.if",
      "position": [
        720,
        840
      ],
      "parameters": {},
      "typeVersion": 2.2
    },
    {
      "id": "021fc534-6592-4d2f-81cd-d6803184e858",
      "name": "Linkedin Posts Scraper",
      "type": "n8n-nodes-base.httpRequest",
      "onError": "continueRegularOutput",
      "position": [
        1160,
        840
      ],
      "parameters": {},
      "typeVersion": 4.2,
      "alwaysOutputData": true
    },
    {
      "id": "cf628af6-e620-43f5-8759-18c1b85a8f63",
      "name": "Combine User Posts",
      "type": "n8n-nodes-base.code",
      "position": [
        1380,
        840
      ],
      "parameters": {},
      "typeVersion": 2
    },
    {
      "id": "0acfc965-0739-4f71-a962-e51dbe033b7a",
      "name": "Company Scraper",
      "type": "n8n-nodes-base.httpRequest",
      "onError": "continueRegularOutput",
      "position": [
        1600,
        840
      ],
      "parameters": {},
      "typeVersion": 4.2,
      "alwaysOutputData": true
    },
    {
      "id": "5a1d5a31-84a0-4c90-8b95-b244bcf45fff",
      "name": "Company Posts Scraper",
      "type": "n8n-nodes-base.httpRequest",
      "onError": "continueRegularOutput",
      "position": [
        2060,
        600
      ],
      "parameters": {},
      "typeVersion": 4.2,
      "alwaysOutputData": true
    },
    {
      "id": "6096e0db-d5d9-4c08-92bc-4d4a1227b609",
      "name": "Organise Response",
      "type": "n8n-nodes-base.code",
      "position": [
        3460,
        640
      ],
      "parameters": {},
      "typeVersion": 2
    },
    {
      "id": "9f2496b1-35e9-49a9-b412-3e59fe300e53",
      "name": "Combine Reviews",
      "type": "n8n-nodes-base.code",
      "position": [
        2700,
        600
      ],
      "parameters": {},
      "typeVersion": 2
    },
    {
      "id": "304e1aed-3bc6-46c0-a845-ea9faf994942",
      "name": "Combine Company Posts",
      "type": "n8n-nodes-base.code",
      "position": [
        2280,
        600
      ],
      "parameters": {},
      "typeVersion": 2
    },
    {
      "id": "3c42603b-44f9-4dff-b8e2-8bd6ba4d99d9",
      "name": "Save Data",
      "type": "n8n-nodes-base.googleSheets",
      "position": [
        3692,
        865
      ],
      "parameters": {},
      "typeVersion": 4.6
    },
    {
      "id": "66d47708-30c3-47d2-89bc-5d08fdb19df2",
      "name": "Analyse",
      "type": "@n8n/n8n-nodes-langchain.chainLlm",
      "position": [
        2980,
        560
      ],
      "parameters": {},
      "typeVersion": 1.6,
      "alwaysOutputData": true
    },
    {
      "id": "b286544a-e2ef-48c1-9a7d-31d966156146",
      "name": "Notify User",
      "type": "n8n-nodes-base.slack",
      "position": [
        740,
        990
      ],
      "webhookId": "5b7b6e89-e794-421d-bb4c-27cfac88b258",
      "parameters": {},
      "typeVersion": 2.3
    },
    {
      "id": "eaf17fbe-e550-453e-b184-33a71034e1ce",
      "name": "TrustPilot Scraper1",
      "type": "n8n-nodes-base.httpRequest",
      "onError": "continueRegularOutput",
      "position": [
        2280,
        840
      ],
      "parameters": {},
      "typeVersion": 4.2,
      "alwaysOutputData": true
    },
    {
      "id": "80baa3c6-754a-46f1-8c21-a1501da9ac79",
      "name": "Combine Reviews1",
      "type": "n8n-nodes-base.code",
      "position": [
        2500,
        840
      ],
      "parameters": {},
      "typeVersion": 2
    },
    {
      "id": "e46ab4ec-44a8-4729-a7e1-641a1e101fc4",
      "name": "Google Gemini Chat Model",
      "type": "@n8n/n8n-nodes-langchain.lmChatGoogleGemini",
      "position": [
        2748,
        1060
      ],
      "parameters": {},
      "typeVersion": 1
    },
    {
      "id": "bf1ec2b2-a842-49b3-b024-847c10e2ad3e",
      "name": "Structured Output Parser1",
      "type": "@n8n/n8n-nodes-langchain.outputParserStructured",
      "position": [
        2868,
        1060
      ],
      "parameters": {},
      "typeVersion": 1.2
    },
    {
      "id": "d05b8513-a9b5-4fc4-a410-6fd0801d5c0a",
      "name": "Organise Response1",
      "type": "n8n-nodes-base.code",
      "position": [
        3174,
        840
      ],
      "parameters": {},
      "typeVersion": 2
    },
    {
      "id": "5a1bbb85-443e-444c-bc6b-4f1435384997",
      "name": "Save Data1",
      "type": "n8n-nodes-base.googleSheets",
      "position": [
        3472,
        840
      ],
      "parameters": {},
      "typeVersion": 4.6
    },
    {
      "id": "9ba3fae7-a401-4b08-b7f7-7dad9e3bad8b",
      "name": "Analyse1",
      "type": "@n8n/n8n-nodes-langchain.chainLlm",
      "position": [
        2720,
        840
      ],
      "parameters": {},
      "typeVersion": 1.6,
      "alwaysOutputData": true
    },
    {
      "id": "169188d9-00d0-4b1b-93ea-d80a6e9f3b00",
      "name": "If Company Data Available?",
      "type": "n8n-nodes-base.if",
      "position": [
        1820,
        840
      ],
      "parameters": {},
      "typeVersion": 2.2
    },
    {
      "id": "41b7be4d-ead2-4e8b-8df4-6939acfcf2ba",
      "name": "Save Leads",
      "type": "n8n-nodes-base.googleSheets",
      "position": [
        3680,
        280
      ],
      "parameters": {},
      "typeVersion": 4.6
    },
    {
      "id": "0164da2d-cb89-4373-afe2-8e967499c279",
      "name": "Lead Preference Form",
      "type": "n8n-nodes-base.formTrigger",
      "position": [
        3020,
        280
      ],
      "webhookId": "ddd87bb8-a0ed-4ad9-bb04-07479fc327f0",
      "parameters": {},
      "typeVersion": 2.2
    }
  ],
  "pinData": {},
  "connections": {
    "Analyse": {
      "main": [
        [
          {
            "node": "Organise Response",
            "type": "main",
            "index": 0
          }
        ]
      ]
    },
    "Analyse1": {
      "main": [
        [
          {
            "node": "Organise Response1",
            "type": "main",
            "index": 0
          }
        ]
      ]
    },
    "Save Data": {
      "main": [
        [
          {
            "node": "Loop Over Items",
            "type": "main",
            "index": 0
          }
        ]
      ]
    },
    "Save Data1": {
      "main": [
        [
          {
            "node": "Loop Over Items",
            "type": "main",
            "index": 0
          }
        ]
      ]
    },
    "Extract Info": {
      "main": [
        [
          {
            "node": "Save Leads",
            "type": "main",
            "index": 0
          }
        ]
      ]
    },
    "Get Prospects": {
      "main": [
        [
          {
            "node": "Loop Over Items",
            "type": "main",
            "index": 0
          }
        ]
      ]
    },
    "Apollo Scraper": {
      "main": [
        [
          {
            "node": "Extract Info",
            "type": "main",
            "index": 0
          }
        ]
      ]
    },
    "Combine Reviews": {
      "main": [
        [
          {
            "node": "Analyse",
            "type": "main",
            "index": 0
          }
        ]
      ]
    },
    "Company Scraper": {
      "main": [
        [
          {
            "node": "If Company Data Available?",
            "type": "main",
            "index": 0
          }
        ]
      ]
    },
    "Loop Over Items": {
      "main": [
        [
          {
            "node": "Notify User",
            "type": "main",
            "index": 0
          }
        ],
        [
          {
            "node": "If Linkedin Exists?",
            "type": "main",
            "index": 0
          }
        ]
      ]
    },
    "Combine Reviews1": {
      "main": [
        [
          {
            "node": "Analyse1",
            "type": "main",
            "index": 0
          }
        ]
      ]
    },
    "Linkedin Scraper": {
      "main": [
        [
          {
            "node": "Linkedin Posts Scraper",
            "type": "main",
            "index": 0
          }
        ]
      ]
    },
    "Organise Response": {
      "main": [
        [
          {
            "node": "Save Data",
            "type": "main",
            "index": 0
          }
        ]
      ]
    },
    "Schedule Trigger1": {
      "main": [
        [
          {
            "node": "Get Prospects",
            "type": "main",
            "index": 0
          }
        ]
      ]
    },
    "Combine User Posts": {
      "main": [
        [
          {
            "node": "Company Scraper",
            "type": "main",
            "index": 0
          }
        ]
      ]
    },
    "Organise Response1": {
      "main": [
        [
          {
            "node": "Save Data1",
            "type": "main",
            "index": 0
          }
        ]
      ]
    },
    "TrustPilot Scraper": {
      "main": [
        [
          {
            "node": "Combine Reviews",
            "type": "main",
            "index": 0
          }
        ]
      ]
    },
    "If Linkedin Exists?": {
      "main": [
        [
          {
            "node": "Linkedin Scraper",
            "type": "main",
            "index": 0
          }
        ]
      ]
    },
    "TrustPilot Scraper1": {
      "main": [
        [
          {
            "node": "Combine Reviews1",
            "type": "main",
            "index": 0
          }
        ]
      ]
    },
    "Lead Preference Form": {
      "main": [
        [
          {
            "node": "Apollo Scraper",
            "type": "main",
            "index": 0
          }
        ]
      ]
    },
    "Combine Company Posts": {
      "main": [
        [
          {
            "node": "TrustPilot Scraper",
            "type": "main",
            "index": 0
          }
        ]
      ]
    },
    "Company Posts Scraper": {
      "main": [
        [
          {
            "node": "Combine Company Posts",
            "type": "main",
            "index": 0
          }
        ]
      ]
    },
    "Linkedin Posts Scraper": {
      "main": [
        [
          {
            "node": "Combine User Posts",
            "type": "main",
            "index": 0
          }
        ]
      ]
    },
    "Google Gemini Chat Model": {
      "ai_languageModel": [
        [
          {
            "node": "Analyse1",
            "type": "ai_languageModel",
            "index": 0
          }
        ]
      ]
    },
    "Structured Output Parser": {
      "ai_outputParser": [
        [
          {
            "node": "Analyse",
            "type": "ai_outputParser",
            "index": 0
          }
        ]
      ]
    },
    "Google Gemini Chat Model3": {
      "ai_languageModel": [
        [
          {
            "node": "Analyse",
            "type": "ai_languageModel",
            "index": 0
          }
        ]
      ]
    },
    "Structured Output Parser1": {
      "ai_outputParser": [
        [
          {
            "node": "Analyse1",
            "type": "ai_outputParser",
            "index": 0
          }
        ]
      ]
    },
    "If Company Data Available?": {
      "main": [
        [
          {
            "node": "Company Posts Scraper",
            "type": "main",
            "index": 0
          }
        ],
        [
          {
            "node": "Research Company - Perplexity",
            "type": "main",
            "index": 0
          }
        ]
      ]
    },
    "Research Company - Perplexity": {
      "main": [
        [
          {
            "node": "TrustPilot Scraper1",
            "type": "main",
            "index": 0
          }
        ]
      ]
    }
  }
}