{
  "id": "6ShFYIzkQLmmxYaB",
  "meta": {
    "instanceId": "f18024824cea792cf3a767b3da2c5a5269ca6650f8d4df0c3e22bf98d8f1b0ca",
    "templateCredsSetupCompleted": true
  },
  "name": "Bluesky New Follower Auto DM",
  "tags": [],
  "nodes": [
    {
      "id": "dc5c9674-1774-47de-9479-66ebcbb87558",
      "name": "Cron Trigger",
      "type": "n8n-nodes-base.cron",
      "position": [
        100,
        180
      ],
      "parameters": {},
      "typeVersion": 1
    },
    {
      "id": "66649eba-9ec2-43ea-a360-7e2f2e12c76f",
      "name": "Setup",
      "type": "n8n-nodes-base.set",
      "position": [
        600,
        180
      ],
      "parameters": {},
      "typeVersion": 1
    },
    {
      "id": "18e1c394-96a0-4bc5-94a6-ce6f04a61b47",
      "name": "Create Session",
      "type": "n8n-nodes-base.httpRequest",
      "position": [
        1100,
        180
      ],
      "parameters": {},
      "typeVersion": 1
    },
    {
      "id": "68577617-4b59-45b0-81bd-08c819f06f0d",
      "name": "Filter New Follows",
      "type": "n8n-nodes-base.code",
      "position": [
        1920,
        180
      ],
      "parameters": {},
      "typeVersion": 2
    },
    {
      "id": "31274e02-d415-440f-8268-5352cbff0dac",
      "name": "Send DM",
      "type": "n8n-nodes-base.httpRequest",
      "position": [
        2960,
        180
      ],
      "parameters": {},
      "typeVersion": 1
    },
    {
      "id": "9985f483-c3ce-43fc-81b0-0a46340b5f37",
      "name": "📝 Setup Instructions",
      "type": "n8n-nodes-base.stickyNote",
      "position": [
        500,
        -300
      ],
      "parameters": {
        "content": ""
      },
      "typeVersion": 1
    },
    {
      "id": "b5a38007-ac06-4f34-a130-ddef49d63b5c",
      "name": "🔑 Create Session",
      "type": "n8n-nodes-base.stickyNote",
      "position": [
        1040,
        -60
      ],
      "parameters": {
        "content": ""
      },
      "typeVersion": 1
    },
    {
      "id": "2959beb5-fd02-495a-86ea-b595f720ff8e",
      "name": "📬 Get Notifications",
      "type": "n8n-nodes-base.stickyNote",
      "position": [
        1560,
        20
      ],
      "parameters": {
        "content": ""
      },
      "typeVersion": 1
    },
    {
      "id": "a4178f3e-d396-4520-b5f2-00589757c08f",
      "name": "🔍 Filter Follows",
      "type": "n8n-nodes-base.stickyNote",
      "position": [
        1880,
        60
      ],
      "parameters": {
        "content": ""
      },
      "typeVersion": 1
    },
    {
      "id": "df8de59f-b929-41f6-823f-6e9f5ea0e1f8",
      "name": "💬 Send Welcome DM",
      "type": "n8n-nodes-base.stickyNote",
      "position": [
        2920,
        40
      ],
      "parameters": {
        "content": ""
      },
      "typeVersion": 1
    },
    {
      "id": "82017906-a7a1-4b16-9a83-9127e13adedd",
      "name": "Sticky Note",
      "type": "n8n-nodes-base.stickyNote",
      "position": [
        60,
        -20
      ],
      "parameters": {
        "content": ""
      },
      "typeVersion": 1
    },
    {
      "id": "3f7b8dfa-8a5f-405c-ba1a-114fc282beea",
      "name": "Get Follow Notifications",
      "type": "n8n-nodes-base.httpRequest",
      "position": [
        1600,
        180
      ],
      "parameters": {},
      "typeVersion": 1
    },
    {
      "id": "02a4770d-6297-450a-8537-eb77a5d20ac3",
      "name": "Initiate Convo with Follower",
      "type": "n8n-nodes-base.httpRequest",
      "position": [
        2240,
        180
      ],
      "parameters": {},
      "typeVersion": 4.2
    },
    {
      "id": "1cf43320-e111-4960-83c9-5cbd946f49f1",
      "name": "Sticky Note1",
      "type": "n8n-nodes-base.stickyNote",
      "position": [
        2220,
        40
      ],
      "parameters": {
        "content": ""
      },
      "typeVersion": 1
    },
    {
      "id": "8d8afbbc-8341-4e9d-a8b5-b203f845598a",
      "name": "Sticky Note2",
      "type": "n8n-nodes-base.stickyNote",
      "position": [
        2560,
        40
      ],
      "parameters": {
        "content": ""
      },
      "typeVersion": 1
    },
    {
      "id": "ef1bf6a6-7621-4414-bb97-d9ef46147c7d",
      "name": "Filter",
      "type": "n8n-nodes-base.filter",
      "position": [
        2600,
        180
      ],
      "parameters": {},
      "typeVersion": 2.2
    }
  ],
  "active": true,
  "pinData": {},
  "settings": {
    "executionOrder": "v1"
  },
  "versionId": "59f58b54-0610-4d31-ad14-2306f34e9f32",
  "connections": {
    "Setup": {
      "main": [
        [
          {
            "node": "Create Session",
            "type": "main",
            "index": 0
          }
        ]
      ]
    },
    "Filter": {
      "main": [
        [
          {
            "node": "Send DM",
            "type": "main",
            "index": 0
          }
        ]
      ]
    },
    "Send DM": {
      "main": [
        []
      ]
    },
    "Cron Trigger": {
      "main": [
        [
          {
            "node": "Setup",
            "type": "main",
            "index": 0
          }
        ]
      ]
    },
    "Create Session": {
      "main": [
        [
          {
            "node": "Get Follow Notifications",
            "type": "main",
            "index": 0
          }
        ]
      ]
    },
    "Filter New Follows": {
      "main": [
        [
          {
            "node": "Initiate Convo with Follower",
            "type": "main",
            "index": 0
          }
        ]
      ]
    },
    "Get Follow Notifications": {
      "main": [
        [
          {
            "node": "Filter New Follows",
            "type": "main",
            "index": 0
          }
        ]
      ]
    },
    "Initiate Convo with Follower": {
      "main": [
        [
          {
            "node": "Filter",
            "type": "main",
            "index": 0
          }
        ]
      ]
    }
  }
}