{
  "meta": {
    "instanceId": "cd59eaaeb7b34d06e24511380db94cdb7fbce6037cc4de22e539c5158ab9cdfc",
    "templateCredsSetupCompleted": true
  },
  "nodes": [
    {
      "id": "8591fe9f-7dfb-4ec3-91bc-bb845e16f3e6",
      "name": "Workflow Overview 0",
      "type": "n8n-nodes-base.stickyNote",
      "position": [
        -1420,
        120
      ],
      "parameters": {
        "content": ""
      },
      "typeVersion": 1
    },
    {
      "id": "5b94cc9c-99e1-48c9-9677-4eba0e08bb12",
      "name": "SerpApi Official Tool MCP Server",
      "type": "@n8n/n8n-nodes-langchain.mcpTrigger",
      "position": [
        -400,
        100
      ],
      "webhookId": "132f4f9a-6bb9-467a-8b2a-69a6df2c1506",
      "parameters": {},
      "typeVersion": 1
    },
    {
      "id": "694f0168-63b4-4f19-b4eb-edd91404c0d0",
      "name": "Search Baidu",
      "type": "n8n-nodes-serpapi.serpApiTool",
      "position": [
        -800,
        360
      ],
      "parameters": {},
      "typeVersion": 1
    },
    {
      "id": "993f1d9e-a387-4d26-aba1-18b874e2b9b9",
      "name": "Search Bing Images",
      "type": "n8n-nodes-serpapi.serpApiTool",
      "position": [
        -580,
        360
      ],
      "parameters": {},
      "typeVersion": 1
    },
    {
      "id": "2153dd91-c0d5-4124-a21d-b213fe805fd2",
      "name": "Search Bing",
      "type": "n8n-nodes-serpapi.serpApiTool",
      "position": [
        -360,
        360
      ],
      "parameters": {},
      "typeVersion": 1
    },
    {
      "id": "ec4286e9-1f56-49d4-8c09-ff94387ad956",
      "name": "Search DuckDuckGo",
      "type": "n8n-nodes-serpapi.serpApiTool",
      "position": [
        -140,
        360
      ],
      "parameters": {},
      "typeVersion": 1
    },
    {
      "id": "b7878c19-6c37-4ac9-a15f-d97c56577cd3",
      "name": "Search eBay",
      "type": "n8n-nodes-serpapi.serpApiTool",
      "position": [
        60,
        360
      ],
      "parameters": {},
      "typeVersion": 1
    },
    {
      "id": "5517a3e8-81a8-4273-9300-70fdc0c7b531",
      "name": "Search Google Autocomplete",
      "type": "n8n-nodes-serpapi.serpApiTool",
      "position": [
        -580,
        580
      ],
      "parameters": {},
      "typeVersion": 1
    },
    {
      "id": "bdc88baf-c233-461b-96ce-7e0d62e07f16",
      "name": "Search Google Flights",
      "type": "n8n-nodes-serpapi.serpApiTool",
      "position": [
        520,
        840
      ],
      "parameters": {},
      "typeVersion": 1
    },
    {
      "id": "e49a3041-ab46-41be-8dab-ebfecba91e3a",
      "name": "Search Google Images",
      "type": "n8n-nodes-serpapi.serpApiTool",
      "position": [
        520,
        580
      ],
      "parameters": {},
      "typeVersion": 1
    },
    {
      "id": "8b917530-d19c-4d92-bbd0-e18700893fe9",
      "name": "Search Google Jobs",
      "type": "n8n-nodes-serpapi.serpApiTool",
      "position": [
        520,
        360
      ],
      "parameters": {},
      "typeVersion": 1
    },
    {
      "id": "60035b5f-555c-4138-bc55-be388dc8224d",
      "name": "Search Google Lens",
      "type": "n8n-nodes-serpapi.serpApiTool",
      "position": [
        -360,
        580
      ],
      "parameters": {},
      "typeVersion": 1
    },
    {
      "id": "3ff124df-8f28-4948-9884-655c9938d4f5",
      "name": "Search Google Local",
      "type": "n8n-nodes-serpapi.serpApiTool",
      "position": [
        -800,
        840
      ],
      "parameters": {},
      "typeVersion": 1
    },
    {
      "id": "4d27f2c8-e60e-4c99-b1ff-8a4e6f94f930",
      "name": "Search Google Maps",
      "type": "n8n-nodes-serpapi.serpApiTool",
      "position": [
        -580,
        840
      ],
      "parameters": {},
      "typeVersion": 1
    },
    {
      "id": "fc281433-ee37-4525-baa0-0cbd3cb629ba",
      "name": "Search Google Maps Directions",
      "type": "n8n-nodes-serpapi.serpApiTool",
      "position": [
        -360,
        840
      ],
      "parameters": {},
      "typeVersion": 1
    },
    {
      "id": "d8105146-c558-4368-bb80-344160f30b07",
      "name": "Search Google Maps Reviews",
      "type": "n8n-nodes-serpapi.serpApiTool",
      "position": [
        -140,
        840
      ],
      "parameters": {},
      "typeVersion": 1
    },
    {
      "id": "b0f729ff-fe1f-4169-915d-5bda23b4d888",
      "name": "Search Google News",
      "type": "n8n-nodes-serpapi.serpApiTool",
      "position": [
        100,
        840
      ],
      "parameters": {},
      "typeVersion": 1
    },
    {
      "id": "91d83d65-cb4c-4b50-b540-4cb87cd11296",
      "name": "Search Google Product",
      "type": "n8n-nodes-serpapi.serpApiTool",
      "position": [
        300,
        580
      ],
      "parameters": {},
      "typeVersion": 1
    },
    {
      "id": "2c99a3c3-5811-4d49-b398-84cb3d5fb500",
      "name": "Search Google Scholar",
      "type": "n8n-nodes-serpapi.serpApiTool",
      "position": [
        300,
        840
      ],
      "parameters": {},
      "typeVersion": 1
    },
    {
      "id": "3c7e9fd2-5ce2-4c9f-9116-add52fc6a36c",
      "name": "Search Google",
      "type": "n8n-nodes-serpapi.serpApiTool",
      "position": [
        -800,
        580
      ],
      "parameters": {},
      "typeVersion": 1
    },
    {
      "id": "6b9aa973-80ea-4ff0-a9ce-d80984061536",
      "name": "Search Google Shopping",
      "type": "n8n-nodes-serpapi.serpApiTool",
      "position": [
        300,
        360
      ],
      "parameters": {},
      "typeVersion": 1
    },
    {
      "id": "6b4a488f-ce64-417b-b838-41c356b78227",
      "name": "Search Google Trends",
      "type": "n8n-nodes-serpapi.serpApiTool",
      "position": [
        -140,
        580
      ],
      "parameters": {},
      "typeVersion": 1
    },
    {
      "id": "28aa8406-f36f-42ac-94c2-44c5fbaa34fc",
      "name": "Search Google Videos",
      "type": "n8n-nodes-serpapi.serpApiTool",
      "position": [
        80,
        580
      ],
      "parameters": {},
      "typeVersion": 1
    },
    {
      "id": "18abcacc-0791-4845-8f8e-3a44bc703629",
      "name": "Sticky Note 1",
      "type": "n8n-nodes-base.stickyNote",
      "position": [
        -940,
        340
      ],
      "parameters": {
        "content": ""
      },
      "typeVersion": 1
    }
  ],
  "pinData": {},
  "connections": {
    "Search Bing": {
      "ai_tool": [
        [
          {
            "node": "SerpApi Official Tool MCP Server",
            "type": "ai_tool",
            "index": 0
          }
        ]
      ]
    },
    "Search eBay": {
      "ai_tool": [
        [
          {
            "node": "SerpApi Official Tool MCP Server",
            "type": "ai_tool",
            "index": 0
          }
        ]
      ]
    },
    "Search Baidu": {
      "ai_tool": [
        [
          {
            "node": "SerpApi Official Tool MCP Server",
            "type": "ai_tool",
            "index": 0
          }
        ]
      ]
    },
    "Search DuckDuckGo": {
      "ai_tool": [
        [
          {
            "node": "SerpApi Official Tool MCP Server",
            "type": "ai_tool",
            "index": 0
          }
        ]
      ]
    },
    "Search Bing Images": {
      "ai_tool": [
        [
          {
            "node": "SerpApi Official Tool MCP Server",
            "type": "ai_tool",
            "index": 0
          }
        ]
      ]
    },
    "Search Google Jobs": {
      "ai_tool": [
        [
          {
            "node": "SerpApi Official Tool MCP Server",
            "type": "ai_tool",
            "index": 0
          }
        ]
      ]
    },
    "Search Google Lens": {
      "ai_tool": [
        [
          {
            "node": "SerpApi Official Tool MCP Server",
            "type": "ai_tool",
            "index": 0
          }
        ]
      ]
    },
    "Search Google Maps": {
      "ai_tool": [
        [
          {
            "node": "SerpApi Official Tool MCP Server",
            "type": "ai_tool",
            "index": 0
          }
        ]
      ]
    },
    "Search Google News": {
      "ai_tool": [
        [
          {
            "node": "SerpApi Official Tool MCP Server",
            "type": "ai_tool",
            "index": 0
          }
        ]
      ]
    },
    "Search Google Local": {
      "ai_tool": [
        [
          {
            "node": "SerpApi Official Tool MCP Server",
            "type": "ai_tool",
            "index": 0
          }
        ]
      ]
    },
    "Search Google Images": {
      "ai_tool": [
        [
          {
            "node": "SerpApi Official Tool MCP Server",
            "type": "ai_tool",
            "index": 0
          }
        ]
      ]
    },
    "Search Google Trends": {
      "ai_tool": [
        [
          {
            "node": "SerpApi Official Tool MCP Server",
            "type": "ai_tool",
            "index": 0
          }
        ]
      ]
    },
    "Search Google Videos": {
      "ai_tool": [
        [
          {
            "node": "SerpApi Official Tool MCP Server",
            "type": "ai_tool",
            "index": 0
          }
        ]
      ]
    },
    "Search Google Flights": {
      "ai_tool": [
        [
          {
            "node": "SerpApi Official Tool MCP Server",
            "type": "ai_tool",
            "index": 0
          }
        ]
      ]
    },
    "Search Google Product": {
      "ai_tool": [
        [
          {
            "node": "SerpApi Official Tool MCP Server",
            "type": "ai_tool",
            "index": 0
          }
        ]
      ]
    },
    "Search Google Scholar": {
      "ai_tool": [
        [
          {
            "node": "SerpApi Official Tool MCP Server",
            "type": "ai_tool",
            "index": 0
          }
        ]
      ]
    },
    "Search Google Shopping": {
      "ai_tool": [
        [
          {
            "node": "SerpApi Official Tool MCP Server",
            "type": "ai_tool",
            "index": 0
          }
        ]
      ]
    },
    "Search Google Autocomplete": {
      "ai_tool": [
        [
          {
            "node": "SerpApi Official Tool MCP Server",
            "type": "ai_tool",
            "index": 0
          }
        ]
      ]
    },
    "Search Google Maps Reviews": {
      "ai_tool": [
        [
          {
            "node": "SerpApi Official Tool MCP Server",
            "type": "ai_tool",
            "index": 0
          }
        ]
      ]
    },
    "Search Google Maps Directions": {
      "ai_tool": [
        [
          {
            "node": "SerpApi Official Tool MCP Server",
            "type": "ai_tool",
            "index": 0
          }
        ]
      ]
    }
  }
}