{
  "id": "ChVvcDCOfzi5pame",
  "meta": {
    "instanceId": "e8794a4f970040d09c64040698c632aefaa9a59e97e60424e4b5671338351753",
    "templateCredsSetupCompleted": true
  },
  "name": "Export Markdown Content do Google Docs Document",
  "tags": [
    {
      "id": "vEOXPr8KZp3rtAHw",
      "name": "google docs",
      "createdAt": "2025-05-15T11:30:24.567Z",
      "updatedAt": "2025-05-15T11:30:24.567Z"
    }
  ],
  "nodes": [
    {
      "id": "9a49370a-1ccc-4763-b00c-0a5d0b923d0c",
      "name": "When clicking ‘Test workflow’",
      "type": "n8n-nodes-base.manualTrigger",
      "position": [
        -1760,
        40
      ],
      "parameters": {},
      "typeVersion": 1
    },
    {
      "id": "22f87c26-b493-407d-8fbe-2c9b1f51e050",
      "name": "Change Markdown To HTML",
      "type": "n8n-nodes-base.markdown",
      "position": [
        -1320,
        -60
      ],
      "parameters": {
        "mode": "markdownToHtml",
        "options": {
          "emoji": true,
          "tables": true,
          "noHeaderId": true,
          "requireSpaceBeforeHeadingText": true
        },
        "markdown": "={{ $json['Conten in Markdown'] }}",
        "destinationKey": "Content in HTML"
      },
      "typeVersion": 1
    },
    {
      "id": "e59ed259-efcf-45c6-8b3f-f4e78b5e81d6",
      "name": "Add Information About Google Drive Location",
      "type": "n8n-nodes-base.set",
      "position": [
        -1100,
        -60
      ],
      "parameters": {
        "options": {},
        "assignments": {
          "assignments": [
            {
              "id": "927cf00b-a616-4aad-96bd-59c533c1655c",
              "name": "Content",
              "type": "string",
              "value": "=<ul>\n<li>URL DYSKU: <a href=\"{{ $json['Google Drive URL'] }}\">{{ $json['Google Drive URL'] }}</a></li>\n</ul>\n\n{{ $json['Content in HTML'] }}"
            }
          ]
        }
      },
      "typeVersion": 3.4
    },
    {
      "id": "8613265b-6578-4322-a983-4460d72984d5",
      "name": "Convert Content to Text File",
      "type": "n8n-nodes-base.convertToFile",
      "position": [
        -880,
        -60
      ],
      "parameters": {
        "options": {
          "fileName": "content.html"
        },
        "operation": "toText",
        "sourceProperty": "Content",
        "binaryPropertyName": "file"
      },
      "typeVersion": 1.1
    },
    {
      "id": "c6da9c1c-ef4a-4f55-bb4d-c7719440ba58",
      "name": "Create Empty File",
      "type": "n8n-nodes-base.googleDrive",
      "position": [
        -660,
        140
      ],
      "parameters": {
        "name": "=_PUB {{ $json['Content Title'] }} {{ $now.format('yyyy-MM-dd HH:mm:ss') }}",
        "content": "=Dummy File Content",
        "driveId": {
          "__rl": true,
          "mode": "list",
          "value": "My Drive",
          "cachedResultUrl": "https://drive.google.com/drive/my-drive",
          "cachedResultName": "My Drive"
        },
        "options": {
          "convertToGoogleDocument": true
        },
        "folderId": {
          "__rl": true,
          "mode": "url",
          "value": "={{ $json['Google Drive URL'] }}"
        },
        "operation": "createFromText"
      },
      "credentials": {
        "googleDriveOAuth2Api": {
          "id": "kyBDe9djaKd6KX7C",
          "name": "gdrive roman@ibb "
        }
      },
      "typeVersion": 3
    },
    {
      "id": "4fca0d05-d308-4da4-a754-7080274c1123",
      "name": "Merge File With About Document ID",
      "type": "n8n-nodes-base.merge",
      "position": [
        -440,
        40
      ],
      "parameters": {
        "mode": "combine",
        "options": {},
        "combineBy": "combineByPosition"
      },
      "typeVersion": 3
    },
    {
      "id": "4926569a-0bd0-41f1-8c45-8cbd2bc89d89",
      "name": "Wait for Document Creation",
      "type": "n8n-nodes-base.wait",
      "position": [
        -220,
        40
      ],
      "webhookId": "201ca2d8-3df8-430a-9a2a-b2619df60882",
      "parameters": {
        "amount": 0.5
      },
      "typeVersion": 1.1
    },
    {
      "id": "6084b5e5-c4b3-4cee-bded-4365483c3f7e",
      "name": "Change Mime Type of The File",
      "type": "n8n-nodes-base.code",
      "notes": "Mime Type form text/plain to text/html",
      "position": [
        -660,
        -60
      ],
      "parameters": {
        "mode": "runOnceForEachItem",
        "jsCode": "const item = $input.item;\n\nif (item.binary && item.binary.file) {\n  item.binary.file.mimeType = 'text/html';\n}\n\nreturn item;"
      },
      "notesInFlow": true,
      "typeVersion": 2
    },
    {
      "id": "a4c07e9c-5f3b-4c3c-bb14-7d36124a75bf",
      "name": "Set Input Data",
      "type": "n8n-nodes-base.set",
      "position": [
        -1540,
        40
      ],
      "parameters": {
        "options": {},
        "assignments": {
          "assignments": [
            {
              "id": "d17f2b49-ee63-4b72-80be-be8dee2375fd",
              "name": "Google Drive URL",
              "type": "string",
              "value": "=https://drive.google.com/drive/folders/1ObGBisk0j56rn93OFxYPd24t4Se6dElY"
            },
            {
              "id": "34970e84-1eb7-41f7-a7f5-ac04668b91b1",
              "name": "Content Title",
              "type": "string",
              "value": "Łyżki do butów"
            },
            {
              "id": "e23af554-c555-49b7-96ac-53b643968cab",
              "name": "Conten in Markdown",
              "type": "string",
              "value": "# Łyżki do butów\n\n## Łyżki do butów - co to jest i do czego służy\n**Łyżka do butów** to niezwykle przydatne akcesorium, które znacząco upraszcza proces **zakładania obuwia**. Dzięki temu prostemu narzędziu możesz uniknąć uszkodzeń pięty oraz deformacji butów. **Łyżka** pozwala na łatwe wsunięcie stopy do buta, eliminując konieczność nadmiernego wyginania materiału czy schylania się.\n\nW sklepach znajdziesz łyżki w różnych długościach, na przykład 51 cm, 60 cm, co sprawia, że każdy może znaleźć model najlepiej dopasowany do swoich potrzeb. Najczęściej są one produkowane z:\n\n- metalu,\n- drewna.\n\nTakie materiały gwarantują ich trwałość oraz komfort użytkowania.\n\n**Łyżka do butów** jest szczególnie przydatna dla:\n\n- osób starszych,\n- kobiet w ciąży,\n- dzieci,\n- osób z problemami kręgosłupa.\n\nUmożliwia wygodne zakładanie obuwia bez zbędnego wysiłku i ryzyka kontuzji. Dzięki niej możesz cieszyć się większą niezależnością w codziennych czynnościach, co z pewnością poprawi jakość Twojego życia.\n## Metalowa łyżka do butów - trwałość i elegancja\nMetalowa łyżka do butów to produkt, który wyróżnia się **niesamowitą trwałością** oraz odpornością na wszelkie uszkodzenia. W przeciwieństwie do plastikowych odpowiedników, jej solidna konstrukcja zapewnia znacznie większą wytrzymałość. Wykonana z wysokiej jakości metalu, posiada **niklowaną powłokę**, która nie tylko chroni przed korozją, ale również nadaje elegancki wygląd.\n\nDzięki **ergonomicznemu kształtowi** i gładkiej powierzchni, korzystanie z metalowej łyżki znacznie ułatwia zakładanie obuwia, eliminując konieczność schylania się. To szczególnie cenne rozwiązanie dla osób starszych oraz tych z ograniczoną mobilnością. Regularne użycie łyżki zapobiega deformacjom zapiętków, co znacząco przedłuża żywotność butów.\n\n**Kluczowe właściwości metalowej łyżki do butów:**\n- **Materiał:** solidny metal z niklowaną powłoką, która chroni przed korozją,  \n- **Długość:** od około 51 cm do 64 cm, co zapewnia wygodę podczas użytkowania,  \n- **Szerokość łuku:** około 45 mm, idealnie dopasowana do różnych typów obuwia,  \n- **Dodatkowe cechy:** ergonomiczny kształt, łatwość w czyszczeniu oraz estetyczny design,  \n\nMetalowe łyżki do butów są niezwykle uniwersalne i doskonale sprawdzą się z każdym rodzajem obuwia — od codziennych modeli po eleganckie buty wizytowe. Ich solidna konstrukcja zapewnia długotrwałe użytkowanie, eliminując ryzyko uszkodzeń czy odkształceń. Dlatego to doskonała inwestycja w komfort oraz ochronę obuwia na wiele lat.\n## Długie łyżki do butów - komfort i wygoda zakładania obuwia\n**Długie łyżki do butów** to niezwykle praktyczne akcesoria, które znacznie upraszczają proces zakładania obuwia. Dzięki nim **nie musisz się schylać**, co znacząco podnosi **komfort** codziennych aktywności. To świetne rozwiązanie, szczególnie dla **osób z ograniczoną mobilnością**.\n\nDługie łyżki są szczególnie polecane dla:\n\n- **osób starszych**, które mogą mieć trudności z pochylaniem się,\n- osób z problemami kręgosłupa lub stawów,\n- osób po urazach czy operacjach, które ograniczają ich ruchomość.\n\nKorzystanie z długich łyżek ma także dodatkową zaletę – **chronią one buty przed deformacją**. Dzięki temu obuwie zachowuje swoją trwałość oraz estetyczny wygląd. Zazwyczaj są one wykonane z lekkiego plastiku lub naturalnego drewna, co zapewnia zarówno **wygodę**, jak i **wytrzymałość**.\n\nUżywanie długiej łyżki pozwala nie tylko na **zachowanie prawidłowego kształtu obuwia**, ale także **minimalizuje ryzyko uszkodzeń materiału** podczas zakładania. W rezultacie codzienne czynności stają się prostsze i bardziej komfortowe dla każdego użytkownika.\n## Zalety używania łyżek do butów dla codziennego wsparcia\n**Łyżki do butów** to niezastąpione akcesoria, które znacznie ułatwiają zakładanie obuwia, eliminując **potrzebę nadmiernego schylania się**. To szczególnie istotne dla osób z bólami kręgosłupa, wadami postawy czy ograniczoną mobilnością. Ograniczenie schylania się przynosi ulgę, zmniejszając napięcie mięśni oraz **ryzyko kontuzji**.\n\nUżywanie łyżek skutecznie chroni buty przed deformacją, co **przedłuża ich żywotność**, zwłaszcza w przypadku modeli skórzanych. Dzięki zachowaniu kształtu i estetyki przez dłuższy czas, obuwie staje się bardziej **ekonomiczne w użytkowaniu**.\n\nŁyżki dostępne są w różnych materiałach, co pozwala na ich dostosowanie do indywidualnych preferencji:\n- **plastik** – lekki i przystępny cenowo,\n- **metal** – trwały i elegancki,\n- **drewno** – naturalne, o klasycznym wyglądzie.\n\nRegularne korzystanie z tych akcesoriów to praktyczny sposób na **dbanie o zdrowie** oraz ochronę obuwia na co dzień.\n## Różne długości łyżek do butów i ich zastosowanie\n**Długości łyżek do butów** odgrywają kluczową rolę w zapewnieniu komfortu podczas zakładania obuwia. Wyróżniamy trzy główne typy: **krótkie**, **długie** oraz **regulowane łyżki**, które można dostosować do indywidualnych potrzeb każdego użytkownika.\n\n**Krótkie łyżki** są niezwykle poręczne i łatwe do przechowywania. Idealnie nadają się do codziennego użytku, zwłaszcza dla osób, które nie mają problemów z mobilnością. Ich kompaktowy rozmiar umożliwia szybkie wsunięcie stopy do buta, choć wymaga to lekkiego schylenia.\n\n**Długie łyżki** stanowią doskonałe rozwiązanie dla osób z ograniczoną sprawnością ruchową, seniorów oraz tych, którzy zmagają się z bólami pleców. Dzięki większej długości, umożliwiają **zakładanie butów bez potrzeby schylania się**, co znacząco zmniejsza ryzyko kontuzji i dyskomfortu. Często wykonane są z **trwałych materiałów**, takich jak metal czy wytrzymałe tworzywa sztuczne, co zapewnia ich długowieczność.\n\n**Regulowane łyżki do butów** to doskonała opcja dla tych, którzy cenią sobie elastyczność. Możliwość dostosowania długości sprawia, że idealnie pasują do różnych rodzajów obuwia oraz potrzeb użytkowników, co czyni je niezwykle praktycznymi.\n\nPrzy wyborze odpowiedniej długości łyżki warto zwrócić uwagę na kilka istotnych aspektów:\n\n- **łatwość zakładania butów**, co jest szczególnie ważne przy ograniczonej mobilności,\n- **ochrona kształtu obuwia** przed odkształceniem,\n- **komfort użytkowania** bez konieczności nadmiernego schylania się,\n- **trwałość materiału**, która powinna być dostosowana do częstotliwości używania.\n\nDłuższe modele znacząco ułatwiają codzienne czynności osobom starszym lub mającym problemy zdrowotne związane z kręgosłupem. Z kolei krótsze łyżki będą idealne dla osób aktywnych i młodszych, które nie potrzebują dodatkowego wsparcia podczas zakładania butów.\n\nWybór odpowiedniej długości łyżki nie tylko zwiększa **komfort noszenia obuwia**, ale również chroni je przed uszkodzeniami mechanicznymi, które mogą powstawać w wyniku niewłaściwego wkładania stopy.\n## Łyżki do butów dla osób z ograniczoną mobilnością i seniorów\nŁyżki do butów to znakomite wsparcie dla **seniorów** oraz osób z ograniczoną mobilnością. Ułatwiają one codzienne zakładanie obuwia, eliminując konieczność schylania się, co czyni cały proces bardziej komfortowym i bezpiecznym.\n\nWiele modeli dedykowanych tej grupie użytkowników wyposażonych jest w **elastyczną końcówkę**, która umożliwia łatwe wsunięcie stopy do buta, nie wywołując przy tym nadmiernego nacisku na materiał. Takie rozwiązanie znacząco redukuje ryzyko uszkodzenia obuwia oraz zapobiega jego rozciąganiu.\n\nCechy, które wyróżniają łyżki dla seniorów i osób z ograniczoną mobilnością, to:\n\n- **stabilna rączka** wykonana z drewna lub tworzywa, zapewniająca pewny chwyt,\n- **wytrzymały metalowy trzonek**, który gwarantuje długotrwałe użytkowanie,\n- **dostosowana długość** – wiele modeli jest wydłużonych, co zwiększa komfort podczas zakupu,\n- **lekka konstrukcja**, która ułatwia obsługę nawet przy osłabionej sile dłoni.\n\nKorzystanie z **łyżki do butów** nie tylko chroni obuwie przed deformacją, ale również wspiera **samodzielność** osób starszych oraz tych z problemami ruchowymi. To praktyczne narzędzie znacząco poprawia jakość życia, redukując ryzyko upadków podczas zakładania butów.\n\nPrzy wyborze odpowiedniej łyżki dla seniora czy osoby z ograniczoną mobilnością warto zwrócić uwagę na ergonomię uchwytu oraz obecność elastycznej końcówki. Te elementy są kluczowe dla zapewnienia komfortu i bezpieczeństwa podczas użytkowania.\n## Jak łyżki do butów chronią obuwie przed uszkodzeniami\nŁyżka do butów **chroni obuwie** przed deformacjami oraz uszkodzeniami, zwłaszcza w okolicy pięty. Dzięki swojemu przemyślanemu kształtowi, pozwala na łatwe wsunięcie stopy do buta, eliminując konieczność zginania tylnej części cholewki. To z kolei **minimalizuje ryzyko zgniatania i pękania materiału**, co ma kluczowe znaczenie, zwłaszcza w przypadku skórzanych modeli.\n\nUżywanie łyżki **przedłuża żywotność butów**. Pomaga uniknąć trwałych odkształceń oraz rozwarstwiania się szwów, a także chroni delikatne elementy wykończenia, które mogą być narażone na uszkodzenia podczas zakładania obuwia.\n\nFunkcje ochronne łyżek do butów można podsumować w następujący sposób:\n\n- **Ochrona pięty przed zgniataniem**, co zapobiega zagnieceniom i pęknięciom,\n- **Minimalizacja ryzyka uszkodzenia cholewki** poprzez równomierne rozłożenie nacisku przy wkładaniu stopy,\n- ułatwienie zakładania butów bez użycia siły, co zmniejsza naprężenia materiału,\n- zabezpieczenie przed deformacją tylnej części obuwia, która często szybko się zużywa.\n\nDzięki tym właściwościom, łyżka jest szczególnie polecana osobom noszącym droższe modele butów oraz tym, którzy pragną dłużej cieszyć się estetyką i funkcjonalnością swojego obuwia. Regularne korzystanie z niej to prosty sposób na **ochronę inwestycji** w wysokiej jakości obuwie.\n## Wybór łyżki do butów - na co zwrócić uwagę\nMateriał, z którego wykonana jest **łyżka do butów**, ma kluczowe znaczenie dla jej **wytrzymałości** oraz **wagi**. Oto najpopularniejsze opcje:\n\n- **Metalowe** modele, charakteryzujące się wysoką odpornością na uszkodzenia, idealne dla osób poszukujących trwałości, chociaż mogą być nieco cięższe,\n- **Drewniane** łyżki, łączące solidność z elegancją, co sprawia, że są nie tylko funkcjonalne, ale i estetyczne,\n- **Plastikowe** wersje, oferujące lekkość oraz szeroką gamę kolorów, co pozwala na dopasowanie do indywidualnych gustów.\n\n**Długość** łyżki również wpływa na komfort użytkowania:\n\n- **Krótsze modele**, sprawdzające się doskonale w codziennym użytkowaniu, ułatwiają szybkie zakładanie obuwia,\n- **Dłuższe** łyżki, umożliwiające zakładanie butów bez konieczności schylania się, co jest szczególnie istotne dla osób z problemami z kręgosłupem lub ograniczoną mobilnością.\n\n**Kształt** łyżki powinien być starannie wyprofilowany i lekko wklęsły. Taki design:\n\n- ułatwia wsuwanie stopy do buta,\n- minimalizuje ryzyko uszkodzenia pięty czy zagnieceń materiału.\n\nWarto unikać modeli z ostrymi krawędziami, które mogą zniszczyć obuwie.\n\n**Uchwyt** łyżki ma znaczący wpływ na komfort użytkowania. Powinien być:\n\n- **ergonomiczny**,\n- dobrze leżeć w dłoni,\n- zapewniać pewny chwyt.\n\nDodatkowym atutem mogą być haczyki lub specjalne zakończenia, które ułatwiają wyciąganie łyżki z buta po założeniu.\n\nWybierając odpowiednią łyżkę do butów, warto zwrócić uwagę na te kluczowe cechy. Dzięki nim można cieszyć się **wygodą** oraz skutecznie chronić obuwie przed deformacjami i uszkodzeniami."
            }
          ]
        }
      },
      "typeVersion": 3.4
    },
    {
      "id": "38130d33-eaf9-4da6-bcd9-dfd0981ea4b0",
      "name": "Update Document with Correct HTML Formatting",
      "type": "n8n-nodes-base.googleDrive",
      "position": [
        0,
        40
      ],
      "parameters": {
        "fileId": {
          "__rl": true,
          "mode": "id",
          "value": "={{ $json.id }}"
        },
        "options": {
          "fields": [
            "webViewLink",
            "id"
          ]
        },
        "operation": "update",
        "changeFileContent": true,
        "inputDataFieldName": "file"
      },
      "credentials": {
        "googleDriveOAuth2Api": {
          "id": "kyBDe9djaKd6KX7C",
          "name": "gdrive roman@ibb "
        }
      },
      "typeVersion": 3
    },
    {
      "id": "8c6b4464-1869-4e4c-8db5-9295749d2b53",
      "name": "Sticky Note",
      "type": "n8n-nodes-base.stickyNote",
      "position": [
        -2260,
        -260
      ],
      "parameters": {
        "width": 400,
        "height": 740,
        "content": "📝 Markdown to Google Docs Converter\n\n🎯 PURPOSE: Convert Markdown content to formatted Google Docs documents with automatic timestamping and Drive organization\n\n⚙️ SETUP REQUIRED:\n• Google Drive OAuth2 credentials configured in n8n\n• Target Google Drive folder URL\n• Content title and Markdown text input\n\n📋 HOW TO USE:\n1. Configure Google Drive credentials in n8n settings\n2. Update \"Set Input Data\" node with:\n   - Google Drive URL (target folder)\n   - Content Title (document name)\n   - Content in Markdown (your text)\n3. Click \"Test workflow\" to execute\n4. Check your Google Drive for timestamped document\n\n🔧 CUSTOMIZE:\n• Modify HTML formatting options in \"Change Markdown To HTML\" node\n• Adjust file naming pattern in \"Create Empty File\" node  \n• Change Drive location metadata in \"Add Information About Google Drive Location\"\n• Update MIME type handling in \"Change Mime Type of The File\"\n\n💡 USE CASES:\n• Technical documentation (README → Google Docs)\n• Content publishing workflow (draft → review)\n• Blog/article preparation (Markdown → collaborative editing)\n• Report generation with automated formatting\n"
      },
      "typeVersion": 1
    }
  ],
  "active": false,
  "pinData": {},
  "settings": {
    "executionOrder": "v1"
  },
  "versionId": "2227fb59-37e1-44fe-8ede-68957e642f29",
  "connections": {
    "Set Input Data": {
      "main": [
        [
          {
            "node": "Create Empty File",
            "type": "main",
            "index": 0
          },
          {
            "node": "Change Markdown To HTML",
            "type": "main",
            "index": 0
          }
        ]
      ]
    },
    "Create Empty File": {
      "main": [
        [
          {
            "node": "Merge File With About Document ID",
            "type": "main",
            "index": 1
          }
        ]
      ]
    },
    "Change Markdown To HTML": {
      "main": [
        [
          {
            "node": "Add Information About Google Drive Location",
            "type": "main",
            "index": 0
          }
        ]
      ]
    },
    "Wait for Document Creation": {
      "main": [
        [
          {
            "node": "Update Document with Correct HTML Formatting",
            "type": "main",
            "index": 0
          }
        ]
      ]
    },
    "Change Mime Type of The File": {
      "main": [
        [
          {
            "node": "Merge File With About Document ID",
            "type": "main",
            "index": 0
          }
        ]
      ]
    },
    "Convert Content to Text File": {
      "main": [
        [
          {
            "node": "Change Mime Type of The File",
            "type": "main",
            "index": 0
          }
        ]
      ]
    },
    "Merge File With About Document ID": {
      "main": [
        [
          {
            "node": "Wait for Document Creation",
            "type": "main",
            "index": 0
          }
        ]
      ]
    },
    "When clicking ‘Test workflow’": {
      "main": [
        [
          {
            "node": "Set Input Data",
            "type": "main",
            "index": 0
          }
        ]
      ]
    },
    "Add Information About Google Drive Location": {
      "main": [
        [
          {
            "node": "Convert Content to Text File",
            "type": "main",
            "index": 0
          }
        ]
      ]
    },
    "Update Document with Correct HTML Formatting": {
      "main": [
        []
      ]
    }
  }
}