{
  "meta": {
    "instanceId": "2d54f61dfd963457efb86a8690aae457934e92fb9e4b8b6490ca74fc37094458",
    "templateCredsSetupCompleted": true
  },
  "nodes": [
    {
      "id": "552f4aea-6eba-4ef3-a15a-5803a25ed701",
      "name": "Sticky Note6",
      "type": "n8n-nodes-base.stickyNote",
      "position": [
        -4060,
        260
      ],
      "parameters": {
        "content": ""
      },
      "typeVersion": 1
    },
    {
      "id": "e70c19bc-c100-4c4e-bb0c-3480bf43b82e",
      "name": "Sticky Note",
      "type": "n8n-nodes-base.stickyNote",
      "position": [
        -2380,
        -240
      ],
      "parameters": {
        "content": ""
      },
      "typeVersion": 1
    },
    {
      "id": "e51cd6c7-872a-48b8-a6b7-ac47f35a409a",
      "name": "Sticky Note1",
      "type": "n8n-nodes-base.stickyNote",
      "position": [
        -1180,
        1240
      ],
      "parameters": {
        "content": ""
      },
      "typeVersion": 1
    },
    {
      "id": "1edeb5fc-2774-46ed-a4f8-c4ac3f3a9ac7",
      "name": "Sticky Note2",
      "type": "n8n-nodes-base.stickyNote",
      "position": [
        -680,
        660
      ],
      "parameters": {
        "content": ""
      },
      "typeVersion": 1
    },
    {
      "id": "aa0dff4d-a840-45e0-8de9-fcd170be08d2",
      "name": "Should Process?",
      "type": "n8n-nodes-base.if",
      "position": [
        -4680,
        860
      ],
      "parameters": {},
      "typeVersion": 1
    },
    {
      "id": "1b62d439-f82e-432b-a1bc-5b73abc8b5e6",
      "name": "Switch ScriptType",
      "type": "n8n-nodes-base.switch",
      "position": [
        -4460,
        960
      ],
      "parameters": {},
      "typeVersion": 3.2
    },
    {
      "id": "df9759eb-5511-4323-86b8-7d40bb0e43e9",
      "name": "Basic LLM Chain",
      "type": "@n8n/n8n-nodes-langchain.chainLlm",
      "onError": "continueErrorOutput",
      "position": [
        -4020,
        460
      ],
      "parameters": {},
      "typeVersion": 1.5
    },
    {
      "id": "8ff00af2-cb59-4a48-8504-1e388f00d8c3",
      "name": "If",
      "type": "n8n-nodes-base.if",
      "position": [
        -4240,
        1160
      ],
      "parameters": {},
      "typeVersion": 2.2
    },
    {
      "id": "3ccaa3f8-51b7-44f9-83b2-0ad7fb291596",
      "name": "Body",
      "type": "n8n-nodes-base.set",
      "position": [
        -4900,
        860
      ],
      "parameters": {},
      "typeVersion": 3.4
    },
    {
      "id": "d78562f1-6236-4aa8-81dc-741c82d2b9ea",
      "name": "Structured Output Parser",
      "type": "@n8n/n8n-nodes-langchain.outputParserStructured",
      "position": [
        -3820,
        1140
      ],
      "parameters": {},
      "typeVersion": 1.2
    },
    {
      "id": "42276de0-b0f6-490e-9fba-28008e01293b",
      "name": "OpenAI Chat Model",
      "type": "@n8n/n8n-nodes-langchain.lmChatOpenAi",
      "position": [
        -3932,
        680
      ],
      "parameters": {},
      "typeVersion": 1.2
    },
    {
      "id": "11c7ba76-0b22-4dfd-b063-dbfc2cf1d582",
      "name": "Leo - Improve Prompt",
      "type": "n8n-nodes-base.httpRequest",
      "onError": "continueErrorOutput",
      "position": [
        -3000,
        80
      ],
      "parameters": {},
      "typeVersion": 4.2
    },
    {
      "id": "8d813e38-4689-4102-9a84-322e57573e72",
      "name": "Leo - Get imageId",
      "type": "n8n-nodes-base.httpRequest",
      "position": [
        -2324,
        -90
      ],
      "parameters": {},
      "typeVersion": 4.2
    },
    {
      "id": "759c964b-560e-476c-9948-041d781d7225",
      "name": "Leo - Generate Image",
      "type": "n8n-nodes-base.httpRequest",
      "onError": "continueErrorOutput",
      "position": [
        -2760,
        20
      ],
      "parameters": {},
      "notesInFlow": false,
      "typeVersion": 4.2
    },
    {
      "id": "7ba0fa55-3a4a-45ce-bf84-7b0695014e1f",
      "name": "Wait1",
      "type": "n8n-nodes-base.wait",
      "position": [
        -2544,
        -90
      ],
      "webhookId": "ae4c943c-3a67-4532-8fc5-3f0b5c1e9cd3",
      "parameters": {},
      "typeVersion": 1.1
    },
    {
      "id": "8e770b9e-44c3-4d6f-b816-04a141dcea1b",
      "name": "Scenes Mapping",
      "type": "n8n-nodes-base.set",
      "position": [
        -3644,
        710
      ],
      "parameters": {},
      "typeVersion": 3.4
    },
    {
      "id": "eb75b3e1-7945-47cb-99a3-b123d4509840",
      "name": "Split Out",
      "type": "n8n-nodes-base.splitOut",
      "position": [
        -3424,
        710
      ],
      "parameters": {},
      "typeVersion": 1
    },
    {
      "id": "9d1a5b5a-e6f9-4e0b-b0ab-c5d00a42b933",
      "name": "Runway - Create Video",
      "type": "n8n-nodes-base.httpRequest",
      "onError": "continueErrorOutput",
      "position": [
        -1884,
        -190
      ],
      "parameters": {},
      "typeVersion": 4.2
    },
    {
      "id": "e6e34dd1-14b9-457a-94d7-d649df9bf6fa",
      "name": "Runway - Get Video",
      "type": "n8n-nodes-base.httpRequest",
      "onError": "continueErrorOutput",
      "position": [
        -1444,
        -290
      ],
      "parameters": {},
      "typeVersion": 4.2
    },
    {
      "id": "9e5b3314-5ff5-40d5-b25b-650b2b86b673",
      "name": "Wait2",
      "type": "n8n-nodes-base.wait",
      "position": [
        -1664,
        -290
      ],
      "webhookId": "1d9b1044-08ca-446c-a290-e1e28d356402",
      "parameters": {},
      "typeVersion": 1.1
    },
    {
      "id": "9122333a-9cbd-4e05-a071-fa63237abc70",
      "name": "loop_over_scenes",
      "type": "n8n-nodes-base.splitInBatches",
      "position": [
        -3204,
        710
      ],
      "parameters": {},
      "typeVersion": 3
    },
    {
      "id": "12e3944f-bf50-452a-a566-e21e37b8ae8c",
      "name": "Code",
      "type": "n8n-nodes-base.code",
      "position": [
        -2764,
        910
      ],
      "parameters": {},
      "typeVersion": 2
    },
    {
      "id": "87281d2b-c75b-442c-b7b4-069e9b547c3b",
      "name": "Wait",
      "type": "n8n-nodes-base.wait",
      "position": [
        -1004,
        835
      ],
      "webhookId": "5cac0c0c-2373-410d-a4fa-93631e4f7a16",
      "parameters": {},
      "typeVersion": 1.1
    },
    {
      "id": "1d14b153-cf53-4bb8-bc48-500d407f1136",
      "name": "json2video : Video Rendering",
      "type": "n8n-nodes-base.httpRequest",
      "onError": "continueErrorOutput",
      "position": [
        -1224,
        835
      ],
      "parameters": {},
      "typeVersion": 4.2
    },
    {
      "id": "e85203de-a496-4424-92cf-6702be3107fd",
      "name": "json2video : Check Video Rendering",
      "type": "n8n-nodes-base.httpRequest",
      "position": [
        -784,
        785
      ],
      "parameters": {},
      "typeVersion": 4.2
    },
    {
      "id": "1f7e969a-9eb0-4d34-8bee-cc412794757a",
      "name": "Baserow",
      "type": "n8n-nodes-base.baserow",
      "position": [
        -344,
        760
      ],
      "parameters": {},
      "typeVersion": 1
    },
    {
      "id": "8c3c9f77-c674-4082-8417-d218e4c1f146",
      "name": "Baserow Processing",
      "type": "n8n-nodes-base.baserow",
      "position": [
        -4460,
        760
      ],
      "parameters": {},
      "typeVersion": 1
    },
    {
      "id": "f051222a-69de-488b-95ee-8ddba38cfecc",
      "name": "output",
      "type": "n8n-nodes-base.set",
      "position": [
        -1224,
        510
      ],
      "parameters": {},
      "typeVersion": 3.4
    },
    {
      "id": "4ccc7e0b-95a8-4bf8-9328-914796d04e5f",
      "name": "Update Script",
      "type": "n8n-nodes-base.baserow",
      "position": [
        -3644,
        510
      ],
      "parameters": {},
      "typeVersion": 1
    },
    {
      "id": "1ac9cf4f-2ea5-4901-8021-daa1aaebe526",
      "name": "BackgroundType",
      "type": "n8n-nodes-base.if",
      "position": [
        -2104,
        -90
      ],
      "parameters": {},
      "typeVersion": 2.2
    },
    {
      "id": "3f4cfe61-ad21-4306-b510-ff5a6cdc9c6a",
      "name": "output image",
      "type": "n8n-nodes-base.set",
      "position": [
        -1884,
        10
      ],
      "parameters": {},
      "typeVersion": 3.4
    },
    {
      "id": "ae0c2d35-18f4-4360-a61d-d5c40624864e",
      "name": "Execute Workflow2",
      "type": "n8n-nodes-base.executeWorkflow",
      "position": [
        -1664,
        -90
      ],
      "parameters": {},
      "typeVersion": 1.2
    },
    {
      "id": "53ee6f59-3e74-4dbf-9655-4557f2e3dd80",
      "name": "Execute Workflow3",
      "type": "n8n-nodes-base.executeWorkflow",
      "position": [
        -2544,
        110
      ],
      "parameters": {},
      "typeVersion": 1.2
    },
    {
      "id": "3cc71591-718c-48c5-a81f-903bc27703a7",
      "name": "Execute Workflow4",
      "type": "n8n-nodes-base.executeWorkflow",
      "position": [
        -3600,
        880
      ],
      "parameters": {},
      "typeVersion": 1.2
    },
    {
      "id": "ffba25bf-ebfb-437c-88a9-baffa9183ad2",
      "name": "HeyGen",
      "type": "n8n-nodes-base.httpRequest",
      "onError": "continueErrorOutput",
      "position": [
        -2324,
        985
      ],
      "parameters": {},
      "typeVersion": 4.2
    },
    {
      "id": "0f0c91ed-3a81-4add-9219-fb0b2b769592",
      "name": "Wait4",
      "type": "n8n-nodes-base.wait",
      "position": [
        -2104,
        885
      ],
      "webhookId": "d2c37f01-834e-40d3-888e-6e7e4296f474",
      "parameters": {},
      "typeVersion": 1.1
    },
    {
      "id": "e2144fa4-4a79-4203-8690-7fc3654aa2aa",
      "name": "HeyGen : Check Video",
      "type": "n8n-nodes-base.httpRequest",
      "onError": "continueErrorOutput",
      "position": [
        -1884,
        810
      ],
      "parameters": {},
      "typeVersion": 4.2
    },
    {
      "id": "5e3c03f0-2688-48e2-88f9-8c56cb2bcd82",
      "name": "heygen_response",
      "type": "n8n-nodes-base.switch",
      "position": [
        -1664,
        885
      ],
      "parameters": {},
      "typeVersion": 3.2
    },
    {
      "id": "f1fe987d-97f3-4f86-b160-1ec019db8ba9",
      "name": "Sticky Note3",
      "type": "n8n-nodes-base.stickyNote",
      "position": [
        -1880,
        1200
      ],
      "parameters": {
        "content": ""
      },
      "typeVersion": 1
    },
    {
      "id": "ecd90ffe-b4f3-4895-858e-f2dbbc758f3f",
      "name": "Wait6",
      "type": "n8n-nodes-base.wait",
      "position": [
        -2104,
        285
      ],
      "webhookId": "1ae300a3-2b49-4ee0-9817-9d29692d7bd8",
      "parameters": {},
      "typeVersion": 1.1
    },
    {
      "id": "7f2db63c-6ccd-427b-976d-788906acaffa",
      "name": "CaptionsAI1",
      "type": "n8n-nodes-base.httpRequest",
      "onError": "continueErrorOutput",
      "position": [
        -2324,
        385
      ],
      "parameters": {},
      "typeVersion": 4.2
    },
    {
      "id": "ef6d1fda-f589-4a80-bef9-6b58a0c7be4c",
      "name": "CaptionsAI : Check Poll1",
      "type": "n8n-nodes-base.httpRequest",
      "position": [
        -1884,
        210
      ],
      "parameters": {},
      "typeVersion": 4.2
    },
    {
      "id": "704dc30e-92d7-4fbf-84f7-fa28c8e3c800",
      "name": "Aggregate",
      "type": "n8n-nodes-base.aggregate",
      "position": [
        -2544,
        385
      ],
      "parameters": {},
      "typeVersion": 1
    },
    {
      "id": "7fa5ee4a-b331-44e3-8eac-bb51a1640f02",
      "name": "j2v_response",
      "type": "n8n-nodes-base.switch",
      "position": [
        -564,
        835
      ],
      "parameters": {},
      "typeVersion": 3.2
    },
    {
      "id": "4bf31cad-30ba-4111-82c6-543c8270ba78",
      "name": "json2video Execute ERROR",
      "type": "n8n-nodes-base.executeWorkflow",
      "position": [
        -1004,
        1035
      ],
      "parameters": {},
      "typeVersion": 1.2
    },
    {
      "id": "2b7f8cf6-e72f-4709-8384-470be9018a58",
      "name": "json2video Execute ERROR1",
      "type": "n8n-nodes-base.executeWorkflow",
      "position": [
        -344,
        960
      ],
      "parameters": {},
      "typeVersion": 1.2
    },
    {
      "id": "000f4384-59f2-45cc-8ac7-947578faf961",
      "name": "CAPTIONS Execute ERROR",
      "type": "n8n-nodes-base.executeWorkflow",
      "position": [
        -1444,
        385
      ],
      "parameters": {},
      "typeVersion": 1.2
    },
    {
      "id": "8c0f1519-7c15-4753-a3a4-e0ea7bdecd91",
      "name": "cap_response",
      "type": "n8n-nodes-base.switch",
      "position": [
        -1664,
        285
      ],
      "parameters": {},
      "typeVersion": 3.2
    },
    {
      "id": "ca2a0e83-1945-44da-88db-fd43f7abdd01",
      "name": "Code Add Sub",
      "type": "n8n-nodes-base.code",
      "position": [
        -1444,
        10
      ],
      "parameters": {},
      "typeVersion": 2
    },
    {
      "id": "32919f30-7192-4fe9-a8c0-5056f23930da",
      "name": "Execute Workflow",
      "type": "n8n-nodes-base.executeWorkflow",
      "position": [
        -3942,
        1310
      ],
      "parameters": {},
      "typeVersion": 1.2
    },
    {
      "id": "0d2c27de-ced5-4717-bd69-120cdca0c404",
      "name": "Code Heygen",
      "type": "n8n-nodes-base.code",
      "position": [
        -1444,
        885
      ],
      "parameters": {},
      "typeVersion": 2
    },
    {
      "id": "49cbb913-b8d8-407b-aba1-772b183fc2cb",
      "name": "Webhook",
      "type": "n8n-nodes-base.webhook",
      "position": [
        -5120,
        860
      ],
      "webhookId": "9dc1daa9-0cc3-4171-bd2c-f334afe7f786",
      "parameters": {},
      "typeVersion": 2
    },
    {
      "id": "ece27b23-6adb-4bde-bd27-16f9c52074b1",
      "name": "If_with_heygen",
      "type": "n8n-nodes-base.if",
      "position": [
        -2544,
        910
      ],
      "parameters": {},
      "typeVersion": 2.2
    },
    {
      "id": "4b574962-192a-4896-9b20-d1a1a6a2dba9",
      "name": "If_with_avatar",
      "type": "n8n-nodes-base.if",
      "position": [
        -2984,
        785
      ],
      "parameters": {},
      "typeVersion": 2.2
    },
    {
      "id": "17443565-19e6-4f87-b3d0-ae760ef2e9c0",
      "name": "heygen Execute ERROR",
      "type": "n8n-nodes-base.executeWorkflow",
      "position": [
        -2104,
        1110
      ],
      "parameters": {},
      "typeVersion": 1.2
    },
    {
      "id": "db4608b4-de96-4fca-8015-9a529c5d7ec2",
      "name": "heygen Execute ERROR2",
      "type": "n8n-nodes-base.executeWorkflow",
      "position": [
        -1664,
        1085
      ],
      "parameters": {},
      "typeVersion": 1.2
    },
    {
      "id": "59b0d81e-47dd-4142-9e4f-2720d3ab4cd2",
      "name": "Execute Workflow5",
      "type": "n8n-nodes-base.executeWorkflow",
      "position": [
        -2764,
        235
      ],
      "parameters": {},
      "typeVersion": 1.2
    },
    {
      "id": "5907b590-cb1a-40f2-973a-c267f4f2a618",
      "name": "CAPTIONS Execute ERROR1",
      "type": "n8n-nodes-base.executeWorkflow",
      "position": [
        -2104,
        485
      ],
      "parameters": {},
      "typeVersion": 1.2
    },
    {
      "id": "5003eb72-ccaf-4397-b222-74520118b710",
      "name": "Execute Workflow6",
      "type": "n8n-nodes-base.executeWorkflow",
      "position": [
        -1224,
        -340
      ],
      "parameters": {},
      "typeVersion": 1.2
    },
    {
      "id": "d7bfd001-f3e7-4615-9cb4-c999f85796b4",
      "name": "Basic LLM Chain Manual",
      "type": "@n8n/n8n-nodes-langchain.chainLlm",
      "onError": "continueErrorOutput",
      "position": [
        -4020,
        920
      ],
      "parameters": {},
      "typeVersion": 1.5
    },
    {
      "id": "7d14ce33-6879-4fbf-8c4d-741dc0199fd8",
      "name": "OpenAI Chat Model1",
      "type": "@n8n/n8n-nodes-langchain.lmChatOpenAi",
      "position": [
        -3992,
        1130
      ],
      "parameters": {},
      "typeVersion": 1.2
    },
    {
      "id": "0cd3ffe5-17c2-4036-93ff-f26366905418",
      "name": "Sticky Note4",
      "type": "n8n-nodes-base.stickyNote",
      "position": [
        -5280,
        -380
      ],
      "parameters": {
        "content": ""
      },
      "typeVersion": 1
    },
    {
      "id": "2dc14abe-5ce2-47dd-95a3-a53e0cc3ba3d",
      "name": "Baserow Error",
      "type": "n8n-nodes-base.baserow",
      "position": [
        -4900,
        1280
      ],
      "parameters": {},
      "typeVersion": 1
    },
    {
      "id": "ec2f48d4-fe85-4395-b6e0-6944a169f405",
      "name": "Stop and Error",
      "type": "n8n-nodes-base.stopAndError",
      "position": [
        -4680,
        1280
      ],
      "parameters": {},
      "typeVersion": 1
    },
    {
      "id": "b57d294a-0872-43b4-9477-84f72990adb4",
      "name": "When Executed by Another Workflow",
      "type": "n8n-nodes-base.executeWorkflowTrigger",
      "position": [
        -5120,
        1280
      ],
      "parameters": {},
      "typeVersion": 1.1
    },
    {
      "id": "2410ae4a-e42b-41de-b5a6-fcef0726918a",
      "name": "Sticky Note5",
      "type": "n8n-nodes-base.stickyNote",
      "position": [
        -5160,
        1200
      ],
      "parameters": {
        "content": ""
      },
      "typeVersion": 1
    },
    {
      "id": "8105cbf3-f289-4de6-b39a-db9ba5a8b85d",
      "name": "Sticky Note7",
      "type": "n8n-nodes-base.stickyNote",
      "position": [
        -4620,
        -380
      ],
      "parameters": {
        "content": ""
      },
      "typeVersion": 1
    },
    {
      "id": "9e42ccf0-a874-4171-bea5-54647a79fb93",
      "name": "Sticky Note8",
      "type": "n8n-nodes-base.stickyNote",
      "position": [
        -1880,
        520
      ],
      "parameters": {
        "content": ""
      },
      "typeVersion": 1
    }
  ],
  "pinData": {},
  "connections": {
    "If": {
      "main": [
        [
          {
            "node": "Basic LLM Chain Manual",
            "type": "main",
            "index": 0
          }
        ],
        [
          {
            "node": "Execute Workflow",
            "type": "main",
            "index": 0
          }
        ]
      ]
    },
    "Body": {
      "main": [
        [
          {
            "node": "Should Process?",
            "type": "main",
            "index": 0
          }
        ]
      ]
    },
    "Code": {
      "main": [
        [
          {
            "node": "If_with_heygen",
            "type": "main",
            "index": 0
          }
        ]
      ]
    },
    "Wait": {
      "main": [
        [
          {
            "node": "json2video : Check Video Rendering",
            "type": "main",
            "index": 0
          }
        ]
      ]
    },
    "Wait1": {
      "main": [
        [
          {
            "node": "Leo - Get imageId",
            "type": "main",
            "index": 0
          }
        ]
      ]
    },
    "Wait2": {
      "main": [
        [
          {
            "node": "Runway - Get Video",
            "type": "main",
            "index": 0
          }
        ]
      ]
    },
    "Wait4": {
      "main": [
        [
          {
            "node": "HeyGen : Check Video",
            "type": "main",
            "index": 0
          }
        ]
      ]
    },
    "Wait6": {
      "main": [
        [
          {
            "node": "CaptionsAI : Check Poll1",
            "type": "main",
            "index": 0
          }
        ]
      ]
    },
    "HeyGen": {
      "main": [
        [
          {
            "node": "Wait4",
            "type": "main",
            "index": 0
          }
        ],
        [
          {
            "node": "heygen Execute ERROR",
            "type": "main",
            "index": 0
          }
        ]
      ]
    },
    "output": {
      "main": [
        [
          {
            "node": "loop_over_scenes",
            "type": "main",
            "index": 0
          }
        ]
      ]
    },
    "Webhook": {
      "main": [
        [
          {
            "node": "Body",
            "type": "main",
            "index": 0
          }
        ]
      ]
    },
    "Aggregate": {
      "main": [
        [
          {
            "node": "CaptionsAI1",
            "type": "main",
            "index": 0
          }
        ]
      ]
    },
    "Split Out": {
      "main": [
        [
          {
            "node": "loop_over_scenes",
            "type": "main",
            "index": 0
          }
        ]
      ]
    },
    "CaptionsAI1": {
      "main": [
        [
          {
            "node": "Wait6",
            "type": "main",
            "index": 0
          }
        ],
        [
          {
            "node": "CAPTIONS Execute ERROR1",
            "type": "main",
            "index": 0
          }
        ]
      ]
    },
    "Code Heygen": {
      "main": [
        [
          {
            "node": "json2video : Video Rendering",
            "type": "main",
            "index": 0
          }
        ]
      ]
    },
    "Code Add Sub": {
      "main": [
        [
          {
            "node": "json2video : Video Rendering",
            "type": "main",
            "index": 0
          }
        ]
      ]
    },
    "cap_response": {
      "main": [
        [
          {
            "node": "Code Add Sub",
            "type": "main",
            "index": 0
          }
        ],
        [
          {
            "node": "Wait6",
            "type": "main",
            "index": 0
          }
        ],
        [
          {
            "node": "CAPTIONS Execute ERROR",
            "type": "main",
            "index": 0
          }
        ]
      ]
    },
    "j2v_response": {
      "main": [
        [
          {
            "node": "Baserow",
            "type": "main",
            "index": 0
          }
        ],
        [
          {
            "node": "Wait",
            "type": "main",
            "index": 0
          }
        ],
        [
          {
            "node": "json2video Execute ERROR1",
            "type": "main",
            "index": 0
          }
        ]
      ]
    },
    "output image": {
      "main": [
        [
          {
            "node": "loop_over_scenes",
            "type": "main",
            "index": 0
          }
        ]
      ]
    },
    "Baserow Error": {
      "main": [
        [
          {
            "node": "Stop and Error",
            "type": "main",
            "index": 0
          }
        ]
      ]
    },
    "BackgroundType": {
      "main": [
        [
          {
            "node": "Runway - Create Video",
            "type": "main",
            "index": 0
          }
        ],
        [
          {
            "node": "output image",
            "type": "main",
            "index": 0
          }
        ]
      ]
    },
    "If_with_avatar": {
      "main": [
        [
          {
            "node": "Aggregate",
            "type": "main",
            "index": 0
          }
        ],
        [
          {
            "node": "Code",
            "type": "main",
            "index": 0
          }
        ]
      ]
    },
    "If_with_heygen": {
      "main": [
        [
          {
            "node": "HeyGen",
            "type": "main",
            "index": 0
          }
        ],
        [
          {
            "node": "json2video : Video Rendering",
            "type": "main",
            "index": 0
          }
        ]
      ]
    },
    "Scenes Mapping": {
      "main": [
        [
          {
            "node": "Split Out",
            "type": "main",
            "index": 0
          }
        ]
      ]
    },
    "Basic LLM Chain": {
      "main": [
        [
          {
            "node": "Scenes Mapping",
            "type": "main",
            "index": 0
          },
          {
            "node": "Update Script",
            "type": "main",
            "index": 0
          }
        ],
        [
          {
            "node": "Execute Workflow4",
            "type": "main",
            "index": 0
          }
        ]
      ]
    },
    "Should Process?": {
      "main": [
        [
          {
            "node": "Switch ScriptType",
            "type": "main",
            "index": 0
          },
          {
            "node": "Baserow Processing",
            "type": "main",
            "index": 0
          }
        ]
      ]
    },
    "heygen_response": {
      "main": [
        [
          {
            "node": "Code Heygen",
            "type": "main",
            "index": 0
          }
        ],
        [
          {
            "node": "Wait4",
            "type": "main",
            "index": 0
          }
        ]
      ]
    },
    "loop_over_scenes": {
      "main": [
        [
          {
            "node": "If_with_avatar",
            "type": "main",
            "index": 0
          }
        ],
        [
          {
            "node": "Leo - Improve Prompt",
            "type": "main",
            "index": 0
          }
        ]
      ]
    },
    "Leo - Get imageId": {
      "main": [
        [
          {
            "node": "BackgroundType",
            "type": "main",
            "index": 0
          }
        ]
      ]
    },
    "OpenAI Chat Model": {
      "ai_languageModel": [
        [
          {
            "node": "Basic LLM Chain",
            "type": "ai_languageModel",
            "index": 0
          }
        ]
      ]
    },
    "Switch ScriptType": {
      "main": [
        [
          {
            "node": "If",
            "type": "main",
            "index": 0
          }
        ],
        [
          {
            "node": "Basic LLM Chain",
            "type": "main",
            "index": 0
          }
        ]
      ]
    },
    "OpenAI Chat Model1": {
      "ai_languageModel": [
        [
          {
            "node": "Basic LLM Chain Manual",
            "type": "ai_languageModel",
            "index": 0
          }
        ]
      ]
    },
    "Runway - Get Video": {
      "main": [
        [
          {
            "node": "output",
            "type": "main",
            "index": 0
          }
        ],
        [
          {
            "node": "Execute Workflow6",
            "type": "main",
            "index": 0
          }
        ]
      ]
    },
    "HeyGen : Check Video": {
      "main": [
        [
          {
            "node": "heygen_response",
            "type": "main",
            "index": 0
          }
        ],
        [
          {
            "node": "heygen Execute ERROR2",
            "type": "main",
            "index": 0
          }
        ]
      ]
    },
    "Leo - Generate Image": {
      "main": [
        [
          {
            "node": "Wait1",
            "type": "main",
            "index": 0
          }
        ],
        [
          {
            "node": "Execute Workflow3",
            "type": "main",
            "index": 0
          }
        ]
      ]
    },
    "Leo - Improve Prompt": {
      "main": [
        [
          {
            "node": "Leo - Generate Image",
            "type": "main",
            "index": 0
          }
        ],
        [
          {
            "node": "Execute Workflow5",
            "type": "main",
            "index": 0
          }
        ]
      ]
    },
    "Runway - Create Video": {
      "main": [
        [
          {
            "node": "Wait2",
            "type": "main",
            "index": 0
          }
        ],
        [
          {
            "node": "Execute Workflow2",
            "type": "main",
            "index": 0
          }
        ]
      ]
    },
    "Basic LLM Chain Manual": {
      "main": [
        [
          {
            "node": "Update Script",
            "type": "main",
            "index": 0
          },
          {
            "node": "Scenes Mapping",
            "type": "main",
            "index": 0
          }
        ],
        [
          {
            "node": "Execute Workflow4",
            "type": "main",
            "index": 0
          }
        ]
      ]
    },
    "CaptionsAI : Check Poll1": {
      "main": [
        [
          {
            "node": "cap_response",
            "type": "main",
            "index": 0
          }
        ]
      ]
    },
    "Structured Output Parser": {
      "ai_outputParser": [
        [
          {
            "node": "Basic LLM Chain",
            "type": "ai_outputParser",
            "index": 0
          },
          {
            "node": "Basic LLM Chain Manual",
            "type": "ai_outputParser",
            "index": 0
          }
        ]
      ]
    },
    "json2video : Video Rendering": {
      "main": [
        [
          {
            "node": "Wait",
            "type": "main",
            "index": 0
          }
        ],
        [
          {
            "node": "json2video Execute ERROR",
            "type": "main",
            "index": 0
          }
        ]
      ]
    },
    "When Executed by Another Workflow": {
      "main": [
        [
          {
            "node": "Baserow Error",
            "type": "main",
            "index": 0
          }
        ]
      ]
    },
    "json2video : Check Video Rendering": {
      "main": [
        [
          {
            "node": "j2v_response",
            "type": "main",
            "index": 0
          }
        ]
      ]
    }
  }
}