{
  "meta": {
    "instanceId": "d04643ba872bb0fb252ed2c8197858d58cc47dd3c15ff6d08b19addd679e927b",
    "templateCredsSetupCompleted": true
  },
  "nodes": [
    {
      "id": "89e47470-32c3-41f3-a204-e462353c1b2f",
      "name": "Sticky Note",
      "type": "n8n-nodes-base.stickyNote",
      "position": [
        -2740,
        1480
      ],
      "parameters": {
        "content": ""
      },
      "typeVersion": 1
    },
    {
      "id": "70f22f05-6852-42ce-9067-14b2f6737654",
      "name": "Sticky Note5",
      "type": "n8n-nodes-base.stickyNote",
      "position": [
        -560,
        1980
      ],
      "parameters": {
        "content": ""
      },
      "typeVersion": 1
    },
    {
      "id": "0b262b17-e4a3-48b3-bbaa-e248403633ba",
      "name": "Sticky Note1",
      "type": "n8n-nodes-base.stickyNote",
      "position": [
        -1880,
        660
      ],
      "parameters": {
        "content": ""
      },
      "typeVersion": 1
    },
    {
      "id": "167f32c5-534d-4921-8b7e-cb13ba0793d8",
      "name": "Sticky Note3",
      "type": "n8n-nodes-base.stickyNote",
      "position": [
        -500,
        1420
      ],
      "parameters": {
        "content": ""
      },
      "typeVersion": 1
    },
    {
      "id": "c8d90c8e-6aaf-45f9-87d5-5812d36b48d7",
      "name": "Merge",
      "type": "n8n-nodes-base.merge",
      "position": [
        -1140,
        1600
      ],
      "parameters": {},
      "typeVersion": 3.1
    },
    {
      "id": "c8d3df3b-a8a5-4138-975c-90c8dae1477f",
      "name": "RSS Read - GOOGLE",
      "type": "n8n-nodes-base.rssFeedRead",
      "position": [
        -1660,
        1080
      ],
      "parameters": {},
      "typeVersion": 1.1
    },
    {
      "id": "94460646-64fb-47ad-b2a5-a67d7a3f1737",
      "name": "RSS Read - FXSTREET",
      "type": "n8n-nodes-base.rssFeedRead",
      "position": [
        -1660,
        1360
      ],
      "parameters": {},
      "typeVersion": 1.1
    },
    {
      "id": "9e987f83-b062-49c3-9c84-c23335fc3d3a",
      "name": "RSS Read -  fxstreet news",
      "type": "n8n-nodes-base.rssFeedRead",
      "position": [
        -1660,
        1220
      ],
      "parameters": {},
      "typeVersion": 1.1
    },
    {
      "id": "32cc633a-29f8-453e-9911-99316be8e1ef",
      "name": "RSS Read - DAILYFX technical",
      "type": "n8n-nodes-base.rssFeedRead",
      "position": [
        -1660,
        1500
      ],
      "parameters": {},
      "typeVersion": 1.1
    },
    {
      "id": "65d2e386-2c68-4785-902e-a1822bd3ed31",
      "name": "RSS Read - DAILYFX fundamental",
      "type": "n8n-nodes-base.rssFeedRead",
      "position": [
        -1660,
        1660
      ],
      "parameters": {},
      "typeVersion": 1.1
    },
    {
      "id": "677b8362-4482-4fe4-a84e-46f69e1658fe",
      "name": "RSS Read - DAILYFX forexnews",
      "type": "n8n-nodes-base.rssFeedRead",
      "position": [
        -1660,
        1820
      ],
      "parameters": {},
      "typeVersion": 1.1
    },
    {
      "id": "953908e0-357d-44be-b002-85d19575049f",
      "name": "RSS Read - DAILYFX forex articles",
      "type": "n8n-nodes-base.rssFeedRead",
      "position": [
        -1660,
        1980
      ],
      "parameters": {},
      "typeVersion": 1.1
    },
    {
      "id": "b65d6a84-2f45-4284-b7bf-e2176aa18451",
      "name": "RSS Read - FOREX LIVE technicals",
      "type": "n8n-nodes-base.rssFeedRead",
      "position": [
        -1660,
        2160
      ],
      "parameters": {},
      "typeVersion": 1.1
    },
    {
      "id": "fa91f6b5-c7c4-40de-86c0-e62da507d058",
      "name": "RSS Read - FOREX LIVE central banks",
      "type": "n8n-nodes-base.rssFeedRead",
      "position": [
        -1660,
        2320
      ],
      "parameters": {},
      "typeVersion": 1.1
    },
    {
      "id": "ede5263d-6cb1-4f4a-adcd-e67f8e1640b9",
      "name": "RSS Read - FOREX LIVE forexorders",
      "type": "n8n-nodes-base.rssFeedRead",
      "position": [
        -1660,
        2480
      ],
      "parameters": {},
      "typeVersion": 1.1
    },
    {
      "id": "e5e6521a-4838-4bd5-a3f4-667cc6ff36ec",
      "name": "Filter",
      "type": "n8n-nodes-base.filter",
      "position": [
        -880,
        1740
      ],
      "parameters": {},
      "typeVersion": 2.2
    },
    {
      "id": "7c973bba-fb06-44ae-b13b-0f7d5f0231a7",
      "name": "Google Gemini Chat Model",
      "type": "@n8n/n8n-nodes-langchain.lmChatGoogleGemini",
      "position": [
        -480,
        2040
      ],
      "parameters": {},
      "typeVersion": 1
    },
    {
      "id": "d37f99d5-bbec-4b76-ba96-28325f19f81c",
      "name": "Code",
      "type": "n8n-nodes-base.code",
      "position": [
        -640,
        1740
      ],
      "parameters": {},
      "typeVersion": 2
    },
    {
      "id": "7e42a4b6-37eb-48ad-acea-7a41f1eb1c64",
      "name": "Telegram",
      "type": "n8n-nodes-base.telegram",
      "position": [
        200,
        1720
      ],
      "webhookId": "b655c643-9912-43a8-9d01-cf136ff37262",
      "parameters": {},
      "typeVersion": 1.2
    },
    {
      "id": "5d9ce7ea-69b6-4c58-876e-ee9b910f1a1b",
      "name": "EURUSD News and Sentiment Analyst",
      "type": "@n8n/n8n-nodes-langchain.agent",
      "position": [
        -400,
        1740
      ],
      "parameters": {},
      "typeVersion": 1.8
    },
    {
      "id": "c267daf2-72a8-45d0-9145-20aabebeb6d9",
      "name": "Schedule Trigger",
      "type": "n8n-nodes-base.scheduleTrigger",
      "position": [
        -2660,
        1640
      ],
      "parameters": {},
      "typeVersion": 1.2
    },
    {
      "id": "c6c12ad2-228a-4cd0-bd20-fc4d46dd7c32",
      "name": "Sticky Note6",
      "type": "n8n-nodes-base.stickyNote",
      "position": [
        -940,
        1580
      ],
      "parameters": {
        "content": ""
      },
      "typeVersion": 1
    }
  ],
  "pinData": {
    "Schedule Trigger": [
      {
        "Hour": "00",
        "Year": "2025",
        "Month": "June",
        "Minute": "00",
        "Second": "22",
        "Timezone": "Europe/London (UTC+01:00)",
        "timestamp": "2025-06-04T00:00:22.006+01:00",
        "Day of week": "Wednesday",
        "Day of month": "04",
        "Readable date": "June 4th 2025, 12:00:22 am",
        "Readable time": "12:00:22 am"
      }
    ]
  },
  "connections": {
    "Code": {
      "main": [
        [
          {
            "node": "EURUSD News and Sentiment Analyst",
            "type": "main",
            "index": 0
          }
        ]
      ]
    },
    "Merge": {
      "main": [
        [
          {
            "node": "Filter",
            "type": "main",
            "index": 0
          }
        ]
      ]
    },
    "Filter": {
      "main": [
        [
          {
            "node": "Code",
            "type": "main",
            "index": 0
          }
        ]
      ]
    },
    "Telegram": {
      "main": [
        []
      ]
    },
    "Schedule Trigger": {
      "main": [
        [
          {
            "node": "RSS Read - GOOGLE",
            "type": "main",
            "index": 0
          },
          {
            "node": "RSS Read -  fxstreet news",
            "type": "main",
            "index": 0
          },
          {
            "node": "RSS Read - FXSTREET",
            "type": "main",
            "index": 0
          },
          {
            "node": "RSS Read - DAILYFX technical",
            "type": "main",
            "index": 0
          },
          {
            "node": "RSS Read - DAILYFX fundamental",
            "type": "main",
            "index": 0
          },
          {
            "node": "RSS Read - DAILYFX forexnews",
            "type": "main",
            "index": 0
          },
          {
            "node": "RSS Read - DAILYFX forex articles",
            "type": "main",
            "index": 0
          },
          {
            "node": "RSS Read - FOREX LIVE technicals",
            "type": "main",
            "index": 0
          },
          {
            "node": "RSS Read - FOREX LIVE central banks",
            "type": "main",
            "index": 0
          },
          {
            "node": "RSS Read - FOREX LIVE forexorders",
            "type": "main",
            "index": 0
          }
        ]
      ]
    },
    "RSS Read - GOOGLE": {
      "main": [
        [
          {
            "node": "Merge",
            "type": "main",
            "index": 0
          }
        ]
      ]
    },
    "RSS Read - FXSTREET": {
      "main": [
        [
          {
            "node": "Merge",
            "type": "main",
            "index": 2
          }
        ]
      ]
    },
    "Google Gemini Chat Model": {
      "ai_languageModel": [
        [
          {
            "node": "EURUSD News and Sentiment Analyst",
            "type": "ai_languageModel",
            "index": 0
          }
        ]
      ]
    },
    "RSS Read -  fxstreet news": {
      "main": [
        [
          {
            "node": "Merge",
            "type": "main",
            "index": 1
          }
        ]
      ]
    },
    "RSS Read - DAILYFX forexnews": {
      "main": [
        [
          {
            "node": "Merge",
            "type": "main",
            "index": 5
          }
        ]
      ]
    },
    "RSS Read - DAILYFX technical": {
      "main": [
        [
          {
            "node": "Merge",
            "type": "main",
            "index": 3
          }
        ]
      ]
    },
    "RSS Read - DAILYFX fundamental": {
      "main": [
        [
          {
            "node": "Merge",
            "type": "main",
            "index": 4
          }
        ]
      ]
    },
    "RSS Read - FOREX LIVE technicals": {
      "main": [
        [
          {
            "node": "Merge",
            "type": "main",
            "index": 7
          }
        ]
      ]
    },
    "EURUSD News and Sentiment Analyst": {
      "main": [
        [
          {
            "node": "Telegram",
            "type": "main",
            "index": 0
          }
        ]
      ]
    },
    "RSS Read - DAILYFX forex articles": {
      "main": [
        [
          {
            "node": "Merge",
            "type": "main",
            "index": 6
          }
        ]
      ]
    },
    "RSS Read - FOREX LIVE forexorders": {
      "main": [
        [
          {
            "node": "Merge",
            "type": "main",
            "index": 9
          }
        ]
      ]
    },
    "RSS Read - FOREX LIVE central banks": {
      "main": [
        [
          {
            "node": "Merge",
            "type": "main",
            "index": 8
          }
        ]
      ]
    }
  }
}