{
  "meta": {
    "instanceId": "cd59eaaeb7b34d06e24511380db94cdb7fbce6037cc4de22e539c5158ab9cdfc"
  },
  "nodes": [
    {
      "id": "6a55c5ef-1ca5-4958-b9fb-525db788c233",
      "name": "Workflow Overview 0",
      "type": "n8n-nodes-base.stickyNote",
      "position": [
        -1460,
        540
      ],
      "parameters": {
        "content": ""
      },
      "typeVersion": 1
    },
    {
      "id": "9e21253b-ab48-46ec-baaf-8a1b178a4c74",
      "name": "Wekan Tool MCP Server",
      "type": "@n8n/n8n-nodes-langchain.mcpTrigger",
      "position": [
        -1320,
        200
      ],
      "webhookId": "604db406-ce1c-43ce-a519-c50f2d577185",
      "parameters": {},
      "typeVersion": 1
    },
    {
      "id": "b170f51a-c797-45c5-862e-e527501fc545",
      "name": "Create a board",
      "type": "n8n-nodes-base.wekanTool",
      "position": [
        -780,
        160
      ],
      "parameters": {},
      "typeVersion": 1
    },
    {
      "id": "6f6b2ba4-c070-427b-9e0f-563239b5c65c",
      "name": "Delete a board",
      "type": "n8n-nodes-base.wekanTool",
      "position": [
        -560,
        160
      ],
      "parameters": {},
      "typeVersion": 1
    },
    {
      "id": "e45b521c-06c3-4e58-adb6-2d4012926232",
      "name": "Get a board",
      "type": "n8n-nodes-base.wekanTool",
      "position": [
        -340,
        160
      ],
      "parameters": {},
      "typeVersion": 1
    },
    {
      "id": "20eb866c-77cf-4cd2-8b01-5410fe5ad0f9",
      "name": "Get many boards",
      "type": "n8n-nodes-base.wekanTool",
      "position": [
        -120,
        160
      ],
      "parameters": {},
      "typeVersion": 1
    },
    {
      "id": "a0a63efa-01e0-4cb5-9adc-d7e4ca9d9836",
      "name": "Sticky Note 1",
      "type": "n8n-nodes-base.stickyNote",
      "position": [
        -980,
        140
      ],
      "parameters": {
        "content": ""
      },
      "typeVersion": 1
    },
    {
      "id": "e1248241-348a-464c-a00a-b95c123cbd44",
      "name": "Create a card",
      "type": "n8n-nodes-base.wekanTool",
      "position": [
        -780,
        400
      ],
      "parameters": {},
      "typeVersion": 1
    },
    {
      "id": "43703b6c-8162-43fc-896b-ef6cf103b2cf",
      "name": "Delete a card",
      "type": "n8n-nodes-base.wekanTool",
      "position": [
        -560,
        400
      ],
      "parameters": {},
      "typeVersion": 1
    },
    {
      "id": "c932d0f1-9f26-4938-b112-ac2a01e8e539",
      "name": "Get a card",
      "type": "n8n-nodes-base.wekanTool",
      "position": [
        -340,
        400
      ],
      "parameters": {},
      "typeVersion": 1
    },
    {
      "id": "3434a364-0297-4e65-95e9-66e78116cc68",
      "name": "Get many cards",
      "type": "n8n-nodes-base.wekanTool",
      "position": [
        -120,
        400
      ],
      "parameters": {},
      "typeVersion": 1
    },
    {
      "id": "9e21e3ef-f466-4884-bbf6-c812806780ef",
      "name": "Update a card",
      "type": "n8n-nodes-base.wekanTool",
      "position": [
        100,
        400
      ],
      "parameters": {},
      "typeVersion": 1
    },
    {
      "id": "60bcab35-18bb-46e5-99c4-2797d9226455",
      "name": "Sticky Note 2",
      "type": "n8n-nodes-base.stickyNote",
      "position": [
        -980,
        380
      ],
      "parameters": {
        "content": ""
      },
      "typeVersion": 1
    },
    {
      "id": "7173dcdf-766c-421d-a58a-c943aa71a574",
      "name": "Create a comment on a card",
      "type": "n8n-nodes-base.wekanTool",
      "position": [
        -780,
        640
      ],
      "parameters": {},
      "typeVersion": 1
    },
    {
      "id": "30618be8-67b7-4f2d-9383-f1f6f9428303",
      "name": "Delete a comment from a card",
      "type": "n8n-nodes-base.wekanTool",
      "position": [
        -560,
        640
      ],
      "parameters": {},
      "typeVersion": 1
    },
    {
      "id": "1067bb23-048e-4ec7-9fce-93e514b5dfbf",
      "name": "Get a card comment",
      "type": "n8n-nodes-base.wekanTool",
      "position": [
        -340,
        640
      ],
      "parameters": {},
      "typeVersion": 1
    },
    {
      "id": "6726a9c4-782c-47d8-b0dc-9ec66afe18e2",
      "name": "Get many card comments",
      "type": "n8n-nodes-base.wekanTool",
      "position": [
        -120,
        640
      ],
      "parameters": {},
      "typeVersion": 1
    },
    {
      "id": "4735bb3e-e8b1-4703-9d02-608f7d367fc9",
      "name": "Sticky Note 3",
      "type": "n8n-nodes-base.stickyNote",
      "position": [
        -980,
        620
      ],
      "parameters": {
        "content": ""
      },
      "typeVersion": 1
    },
    {
      "id": "873e3b87-2388-4c75-861e-703d9837c72a",
      "name": "Create a checklist",
      "type": "n8n-nodes-base.wekanTool",
      "position": [
        -780,
        880
      ],
      "parameters": {},
      "typeVersion": 1
    },
    {
      "id": "45df89be-8aa2-4104-a7ef-7192feebe614",
      "name": "Delete a checklist",
      "type": "n8n-nodes-base.wekanTool",
      "position": [
        -560,
        880
      ],
      "parameters": {},
      "typeVersion": 1
    },
    {
      "id": "920502a7-92b8-420a-93ed-0d8328705842",
      "name": "Get a checklist",
      "type": "n8n-nodes-base.wekanTool",
      "position": [
        -340,
        880
      ],
      "parameters": {},
      "typeVersion": 1
    },
    {
      "id": "c45bf139-a017-4d33-9dc7-2c8c1c690a5b",
      "name": "Get many checklists",
      "type": "n8n-nodes-base.wekanTool",
      "position": [
        -120,
        880
      ],
      "parameters": {},
      "typeVersion": 1
    },
    {
      "id": "1c87d8b8-a630-4d8f-af1b-f0d4c5d34287",
      "name": "Sticky Note 4",
      "type": "n8n-nodes-base.stickyNote",
      "position": [
        -980,
        860
      ],
      "parameters": {
        "content": ""
      },
      "typeVersion": 1
    },
    {
      "id": "095859bf-f918-4059-a8f5-d44a939f681f",
      "name": "Delete a checklist item",
      "type": "n8n-nodes-base.wekanTool",
      "position": [
        -780,
        1120
      ],
      "parameters": {},
      "typeVersion": 1
    },
    {
      "id": "028c3286-68aa-4aa1-9b44-34f6f015e866",
      "name": "Get a checklist item",
      "type": "n8n-nodes-base.wekanTool",
      "position": [
        -560,
        1120
      ],
      "parameters": {},
      "typeVersion": 1
    },
    {
      "id": "ef33dda0-154d-466f-9b2c-62de45d9dbef",
      "name": "Update a checklist item",
      "type": "n8n-nodes-base.wekanTool",
      "position": [
        -340,
        1120
      ],
      "parameters": {},
      "typeVersion": 1
    },
    {
      "id": "267f116f-f2b1-413c-8a35-3f54858e5df6",
      "name": "Sticky Note 5",
      "type": "n8n-nodes-base.stickyNote",
      "position": [
        -980,
        1100
      ],
      "parameters": {
        "content": ""
      },
      "typeVersion": 1
    },
    {
      "id": "a5d32bfd-847a-4d03-884e-94409e4de223",
      "name": "Create a list",
      "type": "n8n-nodes-base.wekanTool",
      "position": [
        -780,
        1360
      ],
      "parameters": {},
      "typeVersion": 1
    },
    {
      "id": "0eecfb28-c15f-4089-897b-ac4682c74d5a",
      "name": "Delete a list",
      "type": "n8n-nodes-base.wekanTool",
      "position": [
        -560,
        1360
      ],
      "parameters": {},
      "typeVersion": 1
    },
    {
      "id": "82009efc-c96a-4f49-87c6-217da3747228",
      "name": "Get a list",
      "type": "n8n-nodes-base.wekanTool",
      "position": [
        -340,
        1360
      ],
      "parameters": {},
      "typeVersion": 1
    },
    {
      "id": "16d20aa9-e1ea-48bb-a282-7220e77291da",
      "name": "Get many lists",
      "type": "n8n-nodes-base.wekanTool",
      "position": [
        -120,
        1360
      ],
      "parameters": {},
      "typeVersion": 1
    },
    {
      "id": "22d639ab-3881-4c42-8fdb-37a49d1d5846",
      "name": "Sticky Note 6",
      "type": "n8n-nodes-base.stickyNote",
      "position": [
        -980,
        1340
      ],
      "parameters": {
        "content": ""
      },
      "typeVersion": 1
    }
  ],
  "pinData": {},
  "connections": {
    "Get a card": {
      "ai_tool": [
        [
          {
            "node": "Wekan Tool MCP Server",
            "type": "ai_tool",
            "index": 0
          }
        ]
      ]
    },
    "Get a list": {
      "ai_tool": [
        [
          {
            "node": "Wekan Tool MCP Server",
            "type": "ai_tool",
            "index": 0
          }
        ]
      ]
    },
    "Get a board": {
      "ai_tool": [
        [
          {
            "node": "Wekan Tool MCP Server",
            "type": "ai_tool",
            "index": 0
          }
        ]
      ]
    },
    "Create a card": {
      "ai_tool": [
        [
          {
            "node": "Wekan Tool MCP Server",
            "type": "ai_tool",
            "index": 0
          }
        ]
      ]
    },
    "Create a list": {
      "ai_tool": [
        [
          {
            "node": "Wekan Tool MCP Server",
            "type": "ai_tool",
            "index": 0
          }
        ]
      ]
    },
    "Delete a card": {
      "ai_tool": [
        [
          {
            "node": "Wekan Tool MCP Server",
            "type": "ai_tool",
            "index": 0
          }
        ]
      ]
    },
    "Delete a list": {
      "ai_tool": [
        [
          {
            "node": "Wekan Tool MCP Server",
            "type": "ai_tool",
            "index": 0
          }
        ]
      ]
    },
    "Update a card": {
      "ai_tool": [
        [
          {
            "node": "Wekan Tool MCP Server",
            "type": "ai_tool",
            "index": 0
          }
        ]
      ]
    },
    "Create a board": {
      "ai_tool": [
        [
          {
            "node": "Wekan Tool MCP Server",
            "type": "ai_tool",
            "index": 0
          }
        ]
      ]
    },
    "Delete a board": {
      "ai_tool": [
        [
          {
            "node": "Wekan Tool MCP Server",
            "type": "ai_tool",
            "index": 0
          }
        ]
      ]
    },
    "Get many cards": {
      "ai_tool": [
        [
          {
            "node": "Wekan Tool MCP Server",
            "type": "ai_tool",
            "index": 0
          }
        ]
      ]
    },
    "Get many lists": {
      "ai_tool": [
        [
          {
            "node": "Wekan Tool MCP Server",
            "type": "ai_tool",
            "index": 0
          }
        ]
      ]
    },
    "Get a checklist": {
      "ai_tool": [
        [
          {
            "node": "Wekan Tool MCP Server",
            "type": "ai_tool",
            "index": 0
          }
        ]
      ]
    },
    "Get many boards": {
      "ai_tool": [
        [
          {
            "node": "Wekan Tool MCP Server",
            "type": "ai_tool",
            "index": 0
          }
        ]
      ]
    },
    "Create a checklist": {
      "ai_tool": [
        [
          {
            "node": "Wekan Tool MCP Server",
            "type": "ai_tool",
            "index": 0
          }
        ]
      ]
    },
    "Delete a checklist": {
      "ai_tool": [
        [
          {
            "node": "Wekan Tool MCP Server",
            "type": "ai_tool",
            "index": 0
          }
        ]
      ]
    },
    "Get a card comment": {
      "ai_tool": [
        [
          {
            "node": "Wekan Tool MCP Server",
            "type": "ai_tool",
            "index": 0
          }
        ]
      ]
    },
    "Get many checklists": {
      "ai_tool": [
        [
          {
            "node": "Wekan Tool MCP Server",
            "type": "ai_tool",
            "index": 0
          }
        ]
      ]
    },
    "Get a checklist item": {
      "ai_tool": [
        [
          {
            "node": "Wekan Tool MCP Server",
            "type": "ai_tool",
            "index": 0
          }
        ]
      ]
    },
    "Get many card comments": {
      "ai_tool": [
        [
          {
            "node": "Wekan Tool MCP Server",
            "type": "ai_tool",
            "index": 0
          }
        ]
      ]
    },
    "Delete a checklist item": {
      "ai_tool": [
        [
          {
            "node": "Wekan Tool MCP Server",
            "type": "ai_tool",
            "index": 0
          }
        ]
      ]
    },
    "Update a checklist item": {
      "ai_tool": [
        [
          {
            "node": "Wekan Tool MCP Server",
            "type": "ai_tool",
            "index": 0
          }
        ]
      ]
    },
    "Create a comment on a card": {
      "ai_tool": [
        [
          {
            "node": "Wekan Tool MCP Server",
            "type": "ai_tool",
            "index": 0
          }
        ]
      ]
    },
    "Delete a comment from a card": {
      "ai_tool": [
        [
          {
            "node": "Wekan Tool MCP Server",
            "type": "ai_tool",
            "index": 0
          }
        ]
      ]
    }
  }
}