{
  "meta": {
    "instanceId": "cd59eaaeb7b34d06e24511380db94cdb7fbce6037cc4de22e539c5158ab9cdfc"
  },
  "nodes": [
    {
      "id": "4be618ac-e139-4825-9b8a-b719d416ee04",
      "name": "Workflow Overview 0",
      "type": "n8n-nodes-base.stickyNote",
      "position": [
        -1480,
        100
      ],
      "parameters": {
        "content": ""
      },
      "typeVersion": 1
    },
    {
      "id": "34f8a2e1-01f6-46eb-bc93-80cbb457a67d",
      "name": "Mautic Tool MCP Server",
      "type": "@n8n/n8n-nodes-langchain.mcpTrigger",
      "position": [
        -420,
        -240
      ],
      "webhookId": "f2c1eef6-0614-45e9-addc-138ccf95bf46",
      "parameters": {},
      "typeVersion": 1
    },
    {
      "id": "8061d587-d468-423b-9c0b-a32f0b3ef1e9",
      "name": "Add a campaign contact",
      "type": "n8n-nodes-base.mauticTool",
      "position": [
        -800,
        140
      ],
      "parameters": {},
      "typeVersion": 1
    },
    {
      "id": "c16beb73-c1a4-4219-a2bd-6c8a57b26254",
      "name": "Remove a campaign contact",
      "type": "n8n-nodes-base.mauticTool",
      "position": [
        -580,
        140
      ],
      "parameters": {},
      "typeVersion": 1
    },
    {
      "id": "6a37dcdb-2a6f-416b-bec1-4691af8147b1",
      "name": "Sticky Note 1",
      "type": "n8n-nodes-base.stickyNote",
      "position": [
        -1000,
        100
      ],
      "parameters": {
        "content": ""
      },
      "typeVersion": 1
    },
    {
      "id": "6d819ee5-2d4c-4f19-a7e6-d574b4229a2e",
      "name": "Create a company",
      "type": "n8n-nodes-base.mauticTool",
      "position": [
        -800,
        380
      ],
      "parameters": {},
      "typeVersion": 1
    },
    {
      "id": "cfc21ac1-ba6e-49ee-bf0c-631d09feb530",
      "name": "Delete a company",
      "type": "n8n-nodes-base.mauticTool",
      "position": [
        -580,
        380
      ],
      "parameters": {},
      "typeVersion": 1
    },
    {
      "id": "fb813fc0-0032-4f30-b1bb-e20fca640110",
      "name": "Get a company",
      "type": "n8n-nodes-base.mauticTool",
      "position": [
        -360,
        380
      ],
      "parameters": {},
      "typeVersion": 1
    },
    {
      "id": "4d92ed83-914d-4cf7-81a0-4bd85260c55e",
      "name": "Get many companies",
      "type": "n8n-nodes-base.mauticTool",
      "position": [
        -140,
        380
      ],
      "parameters": {},
      "typeVersion": 1
    },
    {
      "id": "eccdbe32-f394-4fb7-bf66-145db9c1490d",
      "name": "Update a company",
      "type": "n8n-nodes-base.mauticTool",
      "position": [
        80,
        380
      ],
      "parameters": {},
      "typeVersion": 1
    },
    {
      "id": "71da92eb-07ad-4a2f-988c-e15a8e50b0a4",
      "name": "Sticky Note 2",
      "type": "n8n-nodes-base.stickyNote",
      "position": [
        -1000,
        360
      ],
      "parameters": {
        "content": ""
      },
      "typeVersion": 1
    },
    {
      "id": "d6310813-110a-4e32-a5c5-d2fb931d33ba",
      "name": "Add a company contact",
      "type": "n8n-nodes-base.mauticTool",
      "position": [
        -800,
        620
      ],
      "parameters": {},
      "typeVersion": 1
    },
    {
      "id": "a2d2c0fd-a1d9-4b0a-916b-b08878034097",
      "name": "Remove a company contact",
      "type": "n8n-nodes-base.mauticTool",
      "position": [
        -580,
        620
      ],
      "parameters": {},
      "typeVersion": 1
    },
    {
      "id": "dcbcc4b4-0464-43bc-b1db-fc302948701d",
      "name": "Sticky Note 3",
      "type": "n8n-nodes-base.stickyNote",
      "position": [
        -1000,
        580
      ],
      "parameters": {
        "content": ""
      },
      "typeVersion": 1
    },
    {
      "id": "20d778e9-549d-4b91-be21-dc2a8aa4a573",
      "name": "Create a contact",
      "type": "n8n-nodes-base.mauticTool",
      "position": [
        -800,
        860
      ],
      "parameters": {},
      "typeVersion": 1
    },
    {
      "id": "42fde3d0-90ca-421d-ab7c-ac4ee50f6c93",
      "name": "Delete a contact",
      "type": "n8n-nodes-base.mauticTool",
      "position": [
        -580,
        860
      ],
      "parameters": {},
      "typeVersion": 1
    },
    {
      "id": "739be33f-bb89-4d92-bbbc-8516c5cbd206",
      "name": "Edit a contact's points",
      "type": "n8n-nodes-base.mauticTool",
      "position": [
        -360,
        860
      ],
      "parameters": {},
      "typeVersion": 1
    },
    {
      "id": "00d18792-bc82-4777-a2ce-72b2a6200c55",
      "name": "Add/remove contacts from/to the do not contact list",
      "type": "n8n-nodes-base.mauticTool",
      "position": [
        -140,
        860
      ],
      "parameters": {},
      "typeVersion": 1
    },
    {
      "id": "2a209ba8-37c4-4300-b146-164193c63a74",
      "name": "Get a contact",
      "type": "n8n-nodes-base.mauticTool",
      "position": [
        80,
        860
      ],
      "parameters": {},
      "typeVersion": 1
    },
    {
      "id": "f4cd251e-818a-4749-a90d-52ce5e5a83de",
      "name": "Get many contacts",
      "type": "n8n-nodes-base.mauticTool",
      "position": [
        300,
        860
      ],
      "parameters": {},
      "typeVersion": 1
    },
    {
      "id": "6a45c7c7-c60e-4dc3-8168-cf923a623bb9",
      "name": "Send email to a contact",
      "type": "n8n-nodes-base.mauticTool",
      "position": [
        520,
        860
      ],
      "parameters": {},
      "typeVersion": 1
    },
    {
      "id": "39b75394-8971-4114-9ad1-c86eac5f5ab6",
      "name": "Update a contact",
      "type": "n8n-nodes-base.mauticTool",
      "position": [
        740,
        860
      ],
      "parameters": {},
      "typeVersion": 1
    },
    {
      "id": "e44b19bd-b72a-449a-8909-0e5d92630a79",
      "name": "Sticky Note 4",
      "type": "n8n-nodes-base.stickyNote",
      "position": [
        -1000,
        840
      ],
      "parameters": {
        "content": ""
      },
      "typeVersion": 1
    },
    {
      "id": "8302953f-9ca3-4144-a207-ff35cbbc6e6a",
      "name": "Add a contact to a segment",
      "type": "n8n-nodes-base.mauticTool",
      "position": [
        -800,
        1100
      ],
      "parameters": {},
      "typeVersion": 1
    },
    {
      "id": "30d24ba3-2f6a-4739-bd71-61cdcea2ba43",
      "name": "Remove a contact from a segment",
      "type": "n8n-nodes-base.mauticTool",
      "position": [
        -580,
        1100
      ],
      "parameters": {},
      "typeVersion": 1
    },
    {
      "id": "32d81229-8499-448a-9a17-8690608eff31",
      "name": "Sticky Note 5",
      "type": "n8n-nodes-base.stickyNote",
      "position": [
        -1000,
        1060
      ],
      "parameters": {
        "content": ""
      },
      "typeVersion": 1
    },
    {
      "id": "03b47c1b-b46a-472c-a7b2-1e5e95c6370f",
      "name": "Send an email to a segment",
      "type": "n8n-nodes-base.mauticTool",
      "position": [
        -800,
        1340
      ],
      "parameters": {},
      "typeVersion": 1
    },
    {
      "id": "ff964288-8a83-4b0a-b9f6-a3c09fea45dd",
      "name": "Sticky Note 6",
      "type": "n8n-nodes-base.stickyNote",
      "position": [
        -1000,
        1320
      ],
      "parameters": {
        "content": ""
      },
      "typeVersion": 1
    }
  ],
  "pinData": {},
  "connections": {
    "Get a company": {
      "ai_tool": [
        [
          {
            "node": "Mautic Tool MCP Server",
            "type": "ai_tool",
            "index": 0
          }
        ]
      ]
    },
    "Get a contact": {
      "ai_tool": [
        [
          {
            "node": "Mautic Tool MCP Server",
            "type": "ai_tool",
            "index": 0
          }
        ]
      ]
    },
    "Create a company": {
      "ai_tool": [
        [
          {
            "node": "Mautic Tool MCP Server",
            "type": "ai_tool",
            "index": 0
          }
        ]
      ]
    },
    "Create a contact": {
      "ai_tool": [
        [
          {
            "node": "Mautic Tool MCP Server",
            "type": "ai_tool",
            "index": 0
          }
        ]
      ]
    },
    "Delete a company": {
      "ai_tool": [
        [
          {
            "node": "Mautic Tool MCP Server",
            "type": "ai_tool",
            "index": 0
          }
        ]
      ]
    },
    "Delete a contact": {
      "ai_tool": [
        [
          {
            "node": "Mautic Tool MCP Server",
            "type": "ai_tool",
            "index": 0
          }
        ]
      ]
    },
    "Update a company": {
      "ai_tool": [
        [
          {
            "node": "Mautic Tool MCP Server",
            "type": "ai_tool",
            "index": 0
          }
        ]
      ]
    },
    "Update a contact": {
      "ai_tool": [
        [
          {
            "node": "Mautic Tool MCP Server",
            "type": "ai_tool",
            "index": 0
          }
        ]
      ]
    },
    "Get many contacts": {
      "ai_tool": [
        [
          {
            "node": "Mautic Tool MCP Server",
            "type": "ai_tool",
            "index": 0
          }
        ]
      ]
    },
    "Get many companies": {
      "ai_tool": [
        [
          {
            "node": "Mautic Tool MCP Server",
            "type": "ai_tool",
            "index": 0
          }
        ]
      ]
    },
    "Add a company contact": {
      "ai_tool": [
        [
          {
            "node": "Mautic Tool MCP Server",
            "type": "ai_tool",
            "index": 0
          }
        ]
      ]
    },
    "Add a campaign contact": {
      "ai_tool": [
        [
          {
            "node": "Mautic Tool MCP Server",
            "type": "ai_tool",
            "index": 0
          }
        ]
      ]
    },
    "Edit a contact's points": {
      "ai_tool": [
        [
          {
            "node": "Mautic Tool MCP Server",
            "type": "ai_tool",
            "index": 0
          }
        ]
      ]
    },
    "Send email to a contact": {
      "ai_tool": [
        [
          {
            "node": "Mautic Tool MCP Server",
            "type": "ai_tool",
            "index": 0
          }
        ]
      ]
    },
    "Remove a company contact": {
      "ai_tool": [
        [
          {
            "node": "Mautic Tool MCP Server",
            "type": "ai_tool",
            "index": 0
          }
        ]
      ]
    },
    "Remove a campaign contact": {
      "ai_tool": [
        [
          {
            "node": "Mautic Tool MCP Server",
            "type": "ai_tool",
            "index": 0
          }
        ]
      ]
    },
    "Add a contact to a segment": {
      "ai_tool": [
        [
          {
            "node": "Mautic Tool MCP Server",
            "type": "ai_tool",
            "index": 0
          }
        ]
      ]
    },
    "Send an email to a segment": {
      "ai_tool": [
        [
          {
            "node": "Mautic Tool MCP Server",
            "type": "ai_tool",
            "index": 0
          }
        ]
      ]
    },
    "Remove a contact from a segment": {
      "ai_tool": [
        [
          {
            "node": "Mautic Tool MCP Server",
            "type": "ai_tool",
            "index": 0
          }
        ]
      ]
    },
    "Add/remove contacts from/to the do not contact list": {
      "ai_tool": [
        [
          {
            "node": "Mautic Tool MCP Server",
            "type": "ai_tool",
            "index": 0
          }
        ]
      ]
    }
  }
}