{
  "meta": {
    "instanceId": "cd59eaaeb7b34d06e24511380db94cdb7fbce6037cc4de22e539c5158ab9cdfc"
  },
  "nodes": [
    {
      "id": "b703d2e9-061f-40e6-b2eb-b8b386d8a037",
      "name": "Workflow Overview 0",
      "type": "n8n-nodes-base.stickyNote",
      "position": [
        -1460,
        120
      ],
      "parameters": {
        "content": ""
      },
      "typeVersion": 1
    },
    {
      "id": "f8401d8d-fc58-4c14-8adf-9ac419eef52c",
      "name": "Metabase Tool MCP Server",
      "type": "@n8n/n8n-nodes-langchain.mcpTrigger",
      "position": [
        -460,
        -60
      ],
      "webhookId": "f21f2e0d-652d-4f46-b17c-ef0957caf0da",
      "parameters": {},
      "typeVersion": 1
    },
    {
      "id": "d0340dd9-b1a8-417d-baea-e05444dc1fe8",
      "name": "Get an alert",
      "type": "n8n-nodes-base.metabaseTool",
      "position": [
        -800,
        140
      ],
      "parameters": {},
      "typeVersion": 1
    },
    {
      "id": "8b21752f-6f5a-4552-b238-e9b3fccba55f",
      "name": "Get many alerts",
      "type": "n8n-nodes-base.metabaseTool",
      "position": [
        -580,
        140
      ],
      "parameters": {},
      "typeVersion": 1
    },
    {
      "id": "12bdbed2-2eab-4593-8634-07e4950f379b",
      "name": "Sticky Note 1",
      "type": "n8n-nodes-base.stickyNote",
      "position": [
        -1000,
        120
      ],
      "parameters": {
        "content": ""
      },
      "typeVersion": 1
    },
    {
      "id": "fb33f25e-06a0-4b50-aa8e-550f1f8cce5c",
      "name": "Add a databases",
      "type": "n8n-nodes-base.metabaseTool",
      "position": [
        -800,
        380
      ],
      "parameters": {},
      "typeVersion": 1
    },
    {
      "id": "8b2235bc-41dd-4d0d-bf7e-b328215723d1",
      "name": "Get many databases",
      "type": "n8n-nodes-base.metabaseTool",
      "position": [
        -580,
        380
      ],
      "parameters": {},
      "typeVersion": 1
    },
    {
      "id": "bf24a6ae-eb15-4259-8f7e-5417d372ccca",
      "name": "Get Fields a databases",
      "type": "n8n-nodes-base.metabaseTool",
      "position": [
        -360,
        380
      ],
      "parameters": {},
      "typeVersion": 1
    },
    {
      "id": "6ecd24e5-c4b6-4122-816f-a2c2ff092c3b",
      "name": "Sticky Note 2",
      "type": "n8n-nodes-base.stickyNote",
      "position": [
        -1000,
        360
      ],
      "parameters": {
        "content": ""
      },
      "typeVersion": 1
    },
    {
      "id": "daeeb1dd-cfc8-4f51-9a2a-0ed12fa5c563",
      "name": "Get a metric",
      "type": "n8n-nodes-base.metabaseTool",
      "position": [
        -800,
        620
      ],
      "parameters": {},
      "typeVersion": 1
    },
    {
      "id": "a71d7264-7349-4740-a167-c38d6c7d2637",
      "name": "Get many metrics",
      "type": "n8n-nodes-base.metabaseTool",
      "position": [
        -580,
        620
      ],
      "parameters": {},
      "typeVersion": 1
    },
    {
      "id": "53249bd4-7602-47c7-b364-64203d9e2b2f",
      "name": "Sticky Note 3",
      "type": "n8n-nodes-base.stickyNote",
      "position": [
        -1000,
        600
      ],
      "parameters": {
        "content": ""
      },
      "typeVersion": 1
    },
    {
      "id": "765039ff-b404-41f5-a218-95e88d0e9a93",
      "name": "Get a questions",
      "type": "n8n-nodes-base.metabaseTool",
      "position": [
        -800,
        860
      ],
      "parameters": {},
      "typeVersion": 1
    },
    {
      "id": "49869665-3ac6-4813-a9ad-9be5218e2a8b",
      "name": "Get many questions",
      "type": "n8n-nodes-base.metabaseTool",
      "position": [
        -580,
        860
      ],
      "parameters": {},
      "typeVersion": 1
    },
    {
      "id": "354dbed6-3a60-419e-b8b3-24c71b3f5757",
      "name": "Get the results from a question",
      "type": "n8n-nodes-base.metabaseTool",
      "position": [
        -360,
        860
      ],
      "parameters": {},
      "typeVersion": 1
    },
    {
      "id": "3a13b1c1-4a7c-421d-b2c9-f737351cc233",
      "name": "Sticky Note 4",
      "type": "n8n-nodes-base.stickyNote",
      "position": [
        -1000,
        840
      ],
      "parameters": {
        "content": ""
      },
      "typeVersion": 1
    }
  ],
  "pinData": {},
  "connections": {
    "Get a metric": {
      "ai_tool": [
        [
          {
            "node": "Metabase Tool MCP Server",
            "type": "ai_tool",
            "index": 0
          }
        ]
      ]
    },
    "Get an alert": {
      "ai_tool": [
        [
          {
            "node": "Metabase Tool MCP Server",
            "type": "ai_tool",
            "index": 0
          }
        ]
      ]
    },
    "Add a databases": {
      "ai_tool": [
        [
          {
            "node": "Metabase Tool MCP Server",
            "type": "ai_tool",
            "index": 0
          }
        ]
      ]
    },
    "Get a questions": {
      "ai_tool": [
        [
          {
            "node": "Metabase Tool MCP Server",
            "type": "ai_tool",
            "index": 0
          }
        ]
      ]
    },
    "Get many alerts": {
      "ai_tool": [
        [
          {
            "node": "Metabase Tool MCP Server",
            "type": "ai_tool",
            "index": 0
          }
        ]
      ]
    },
    "Get many metrics": {
      "ai_tool": [
        [
          {
            "node": "Metabase Tool MCP Server",
            "type": "ai_tool",
            "index": 0
          }
        ]
      ]
    },
    "Get many databases": {
      "ai_tool": [
        [
          {
            "node": "Metabase Tool MCP Server",
            "type": "ai_tool",
            "index": 0
          }
        ]
      ]
    },
    "Get many questions": {
      "ai_tool": [
        [
          {
            "node": "Metabase Tool MCP Server",
            "type": "ai_tool",
            "index": 0
          }
        ]
      ]
    },
    "Get Fields a databases": {
      "ai_tool": [
        [
          {
            "node": "Metabase Tool MCP Server",
            "type": "ai_tool",
            "index": 0
          }
        ]
      ]
    },
    "Get the results from a question": {
      "ai_tool": [
        [
          {
            "node": "Metabase Tool MCP Server",
            "type": "ai_tool",
            "index": 0
          }
        ]
      ]
    }
  }
}