{
  "meta": {
    "instanceId": "cd59eaaeb7b34d06e24511380db94cdb7fbce6037cc4de22e539c5158ab9cdfc"
  },
  "nodes": [
    {
      "id": "b370c04c-67ec-4ca6-9e9a-a163378faaa7",
      "name": "Workflow Overview 0",
      "type": "n8n-nodes-base.stickyNote",
      "position": [
        -1460,
        -140
      ],
      "parameters": {
        "content": ""
      },
      "typeVersion": 1
    },
    {
      "id": "bf280b14-1e9c-4b9d-9ec0-27099d66a5a1",
      "name": "Microsoft Graph Security Tool MCP Server",
      "type": "@n8n/n8n-nodes-langchain.mcpTrigger",
      "position": [
        -440,
        -120
      ],
      "webhookId": "71997e2b-ea25-4220-987b-b42d4200bd21",
      "parameters": {},
      "typeVersion": 1
    },
    {
      "id": "b14ce778-7b83-4e8d-8bc3-2fbd6d970a8d",
      "name": "Get a secure score",
      "type": "n8n-nodes-base.microsoftGraphSecurityTool",
      "position": [
        -800,
        140
      ],
      "parameters": {},
      "typeVersion": 1
    },
    {
      "id": "21ffbbf4-4844-450a-8c55-ce9b62ab4edd",
      "name": "Get many secure scores",
      "type": "n8n-nodes-base.microsoftGraphSecurityTool",
      "position": [
        -580,
        140
      ],
      "parameters": {},
      "typeVersion": 1
    },
    {
      "id": "789efee9-e02e-497c-9692-e36c800e7ce2",
      "name": "Sticky Note 1",
      "type": "n8n-nodes-base.stickyNote",
      "position": [
        -1000,
        100
      ],
      "parameters": {
        "content": ""
      },
      "typeVersion": 1
    },
    {
      "id": "f964cb70-7898-4075-8807-0c84ed6683bb",
      "name": "Get a secure score control profile",
      "type": "n8n-nodes-base.microsoftGraphSecurityTool",
      "position": [
        -800,
        380
      ],
      "parameters": {},
      "typeVersion": 1
    },
    {
      "id": "d90c1d4d-da36-4ede-b332-606e0c8e38ef",
      "name": "Get many secure score control profiles",
      "type": "n8n-nodes-base.microsoftGraphSecurityTool",
      "position": [
        -580,
        380
      ],
      "parameters": {},
      "typeVersion": 1
    },
    {
      "id": "588887d8-618b-47d6-bf89-99744b5a7de4",
      "name": "Update a secure score control profile",
      "type": "n8n-nodes-base.microsoftGraphSecurityTool",
      "position": [
        -360,
        380
      ],
      "parameters": {},
      "typeVersion": 1
    },
    {
      "id": "20ae2973-642b-4d53-997b-58449bcb7ac7",
      "name": "Sticky Note 2",
      "type": "n8n-nodes-base.stickyNote",
      "position": [
        -1000,
        340
      ],
      "parameters": {
        "content": ""
      },
      "typeVersion": 1
    }
  ],
  "pinData": {},
  "connections": {
    "Get a secure score": {
      "ai_tool": [
        [
          {
            "node": "Microsoft Graph Security Tool MCP Server",
            "type": "ai_tool",
            "index": 0
          }
        ]
      ]
    },
    "Get many secure scores": {
      "ai_tool": [
        [
          {
            "node": "Microsoft Graph Security Tool MCP Server",
            "type": "ai_tool",
            "index": 0
          }
        ]
      ]
    },
    "Get a secure score control profile": {
      "ai_tool": [
        [
          {
            "node": "Microsoft Graph Security Tool MCP Server",
            "type": "ai_tool",
            "index": 0
          }
        ]
      ]
    },
    "Update a secure score control profile": {
      "ai_tool": [
        [
          {
            "node": "Microsoft Graph Security Tool MCP Server",
            "type": "ai_tool",
            "index": 0
          }
        ]
      ]
    },
    "Get many secure score control profiles": {
      "ai_tool": [
        [
          {
            "node": "Microsoft Graph Security Tool MCP Server",
            "type": "ai_tool",
            "index": 0
          }
        ]
      ]
    }
  }
}