{
  "meta": {
    "instanceId": "cd59eaaeb7b34d06e24511380db94cdb7fbce6037cc4de22e539c5158ab9cdfc"
  },
  "nodes": [
    {
      "id": "c60186c4-3202-4814-adf7-208415bff3ef",
      "name": "Workflow Overview 0",
      "type": "n8n-nodes-base.stickyNote",
      "position": [
        -1480,
        -340
      ],
      "parameters": {
        "content": ""
      },
      "typeVersion": 1
    },
    {
      "id": "0bb7957e-368b-4444-8d34-437a1e10630b",
      "name": "Microsoft OneDrive Tool MCP Server",
      "type": "@n8n/n8n-nodes-langchain.mcpTrigger",
      "position": [
        -420,
        -240
      ],
      "webhookId": "9c6b4eee-cfab-4bbe-8988-aa28e02eb269",
      "parameters": {},
      "typeVersion": 1
    },
    {
      "id": "a676714c-9044-4117-8f0b-41777c21400f",
      "name": "Copy a file",
      "type": "n8n-nodes-base.microsoftOneDriveTool",
      "position": [
        -800,
        140
      ],
      "parameters": {},
      "typeVersion": 1
    },
    {
      "id": "aa490f48-1d4a-4332-bb50-735d0381e6ee",
      "name": "Delete a file",
      "type": "n8n-nodes-base.microsoftOneDriveTool",
      "position": [
        -580,
        140
      ],
      "parameters": {},
      "typeVersion": 1
    },
    {
      "id": "2a8a3002-c290-4c48-81a2-e03dd66ef7de",
      "name": "Download a file",
      "type": "n8n-nodes-base.microsoftOneDriveTool",
      "position": [
        -360,
        140
      ],
      "parameters": {},
      "typeVersion": 1
    },
    {
      "id": "2284155a-b121-4330-a2b7-ccb396bad4ae",
      "name": "Get a file",
      "type": "n8n-nodes-base.microsoftOneDriveTool",
      "position": [
        -140,
        140
      ],
      "parameters": {},
      "typeVersion": 1
    },
    {
      "id": "b60f4e12-ef71-45f1-8ab8-45239415eea8",
      "name": "Rename a file",
      "type": "n8n-nodes-base.microsoftOneDriveTool",
      "position": [
        80,
        140
      ],
      "parameters": {},
      "typeVersion": 1
    },
    {
      "id": "963d944b-fcda-4b9e-b0a8-39c815e6d77f",
      "name": "Search a file",
      "type": "n8n-nodes-base.microsoftOneDriveTool",
      "position": [
        300,
        140
      ],
      "parameters": {},
      "typeVersion": 1
    },
    {
      "id": "175a4f9c-5a2a-4ac9-bab9-927a90e16b08",
      "name": "Share a file",
      "type": "n8n-nodes-base.microsoftOneDriveTool",
      "position": [
        520,
        140
      ],
      "parameters": {},
      "typeVersion": 1
    },
    {
      "id": "ecd3ed8d-5579-4343-ba21-7b17074daeaf",
      "name": "Upload a file",
      "type": "n8n-nodes-base.microsoftOneDriveTool",
      "position": [
        740,
        140
      ],
      "parameters": {},
      "typeVersion": 1
    },
    {
      "id": "367802d6-a9a0-437f-a0b8-02eb7aa5abfe",
      "name": "Sticky Note 1",
      "type": "n8n-nodes-base.stickyNote",
      "position": [
        -1000,
        120
      ],
      "parameters": {
        "content": ""
      },
      "typeVersion": 1
    },
    {
      "id": "7c8daa19-e2ea-4f18-a9eb-db45e5987826",
      "name": "Create a folder",
      "type": "n8n-nodes-base.microsoftOneDriveTool",
      "position": [
        -800,
        380
      ],
      "parameters": {},
      "typeVersion": 1
    },
    {
      "id": "f570f11d-114a-420a-8155-e71ee7a82aa3",
      "name": "Delete a folder",
      "type": "n8n-nodes-base.microsoftOneDriveTool",
      "position": [
        -580,
        380
      ],
      "parameters": {},
      "typeVersion": 1
    },
    {
      "id": "c8ebcc49-9686-4bc4-8855-3f0d924aed95",
      "name": "Get items in a folder",
      "type": "n8n-nodes-base.microsoftOneDriveTool",
      "position": [
        -360,
        380
      ],
      "parameters": {},
      "typeVersion": 1
    },
    {
      "id": "3e0388a0-4dfe-4922-89d2-85ef71bf34fb",
      "name": "Rename a folder",
      "type": "n8n-nodes-base.microsoftOneDriveTool",
      "position": [
        -140,
        380
      ],
      "parameters": {},
      "typeVersion": 1
    },
    {
      "id": "8c2b8ee3-a60a-49f1-8c4a-2396c41c4dfd",
      "name": "Search a folder",
      "type": "n8n-nodes-base.microsoftOneDriveTool",
      "position": [
        80,
        380
      ],
      "parameters": {},
      "typeVersion": 1
    },
    {
      "id": "ace5985b-5378-4a25-b2c5-cae49898e792",
      "name": "Share a folder",
      "type": "n8n-nodes-base.microsoftOneDriveTool",
      "position": [
        300,
        380
      ],
      "parameters": {},
      "typeVersion": 1
    },
    {
      "id": "0739d440-f01d-432e-90ee-366f82eeaa21",
      "name": "Sticky Note 2",
      "type": "n8n-nodes-base.stickyNote",
      "position": [
        -1000,
        360
      ],
      "parameters": {
        "content": ""
      },
      "typeVersion": 1
    }
  ],
  "pinData": {},
  "connections": {
    "Get a file": {
      "ai_tool": [
        [
          {
            "node": "Microsoft OneDrive Tool MCP Server",
            "type": "ai_tool",
            "index": 0
          }
        ]
      ]
    },
    "Copy a file": {
      "ai_tool": [
        [
          {
            "node": "Microsoft OneDrive Tool MCP Server",
            "type": "ai_tool",
            "index": 0
          }
        ]
      ]
    },
    "Share a file": {
      "ai_tool": [
        [
          {
            "node": "Microsoft OneDrive Tool MCP Server",
            "type": "ai_tool",
            "index": 0
          }
        ]
      ]
    },
    "Delete a file": {
      "ai_tool": [
        [
          {
            "node": "Microsoft OneDrive Tool MCP Server",
            "type": "ai_tool",
            "index": 0
          }
        ]
      ]
    },
    "Rename a file": {
      "ai_tool": [
        [
          {
            "node": "Microsoft OneDrive Tool MCP Server",
            "type": "ai_tool",
            "index": 0
          }
        ]
      ]
    },
    "Search a file": {
      "ai_tool": [
        [
          {
            "node": "Microsoft OneDrive Tool MCP Server",
            "type": "ai_tool",
            "index": 0
          }
        ]
      ]
    },
    "Upload a file": {
      "ai_tool": [
        [
          {
            "node": "Microsoft OneDrive Tool MCP Server",
            "type": "ai_tool",
            "index": 0
          }
        ]
      ]
    },
    "Share a folder": {
      "ai_tool": [
        [
          {
            "node": "Microsoft OneDrive Tool MCP Server",
            "type": "ai_tool",
            "index": 0
          }
        ]
      ]
    },
    "Create a folder": {
      "ai_tool": [
        [
          {
            "node": "Microsoft OneDrive Tool MCP Server",
            "type": "ai_tool",
            "index": 0
          }
        ]
      ]
    },
    "Delete a folder": {
      "ai_tool": [
        [
          {
            "node": "Microsoft OneDrive Tool MCP Server",
            "type": "ai_tool",
            "index": 0
          }
        ]
      ]
    },
    "Download a file": {
      "ai_tool": [
        [
          {
            "node": "Microsoft OneDrive Tool MCP Server",
            "type": "ai_tool",
            "index": 0
          }
        ]
      ]
    },
    "Rename a folder": {
      "ai_tool": [
        [
          {
            "node": "Microsoft OneDrive Tool MCP Server",
            "type": "ai_tool",
            "index": 0
          }
        ]
      ]
    },
    "Search a folder": {
      "ai_tool": [
        [
          {
            "node": "Microsoft OneDrive Tool MCP Server",
            "type": "ai_tool",
            "index": 0
          }
        ]
      ]
    },
    "Get items in a folder": {
      "ai_tool": [
        [
          {
            "node": "Microsoft OneDrive Tool MCP Server",
            "type": "ai_tool",
            "index": 0
          }
        ]
      ]
    }
  }
}