{
  "meta": {
    "instanceId": "cd59eaaeb7b34d06e24511380db94cdb7fbce6037cc4de22e539c5158ab9cdfc"
  },
  "nodes": [
    {
      "id": "07c5477c-9505-4ada-a22c-beb39cce7133",
      "name": "Workflow Overview 0",
      "type": "n8n-nodes-base.stickyNote",
      "position": [
        -1480,
        60
      ],
      "parameters": {
        "content": ""
      },
      "typeVersion": 1
    },
    {
      "id": "f99a684f-3f52-48d1-a4de-e4da7abb5d4a",
      "name": "Monday.com Tool MCP Server",
      "type": "@n8n/n8n-nodes-langchain.mcpTrigger",
      "position": [
        80,
        -120
      ],
      "webhookId": "5baed58e-078f-464e-900b-406fcbcfd09f",
      "parameters": {},
      "typeVersion": 1
    },
    {
      "id": "db83ce75-fe07-4a2e-8325-e851562f5d8c",
      "name": "Archive a board",
      "type": "n8n-nodes-base.mondayComTool",
      "position": [
        -800,
        140
      ],
      "parameters": {},
      "typeVersion": 1
    },
    {
      "id": "f5b0bbf2-6a81-4f5f-af55-c310dd3f593d",
      "name": "Create a board",
      "type": "n8n-nodes-base.mondayComTool",
      "position": [
        -580,
        140
      ],
      "parameters": {},
      "typeVersion": 1
    },
    {
      "id": "d18961c7-f6a7-4adc-9e7f-303aebfb586a",
      "name": "Get a board",
      "type": "n8n-nodes-base.mondayComTool",
      "position": [
        -360,
        140
      ],
      "parameters": {},
      "typeVersion": 1
    },
    {
      "id": "71bfe7bd-59a3-422d-bff3-ab298e102832",
      "name": "Get many boards",
      "type": "n8n-nodes-base.mondayComTool",
      "position": [
        -140,
        140
      ],
      "parameters": {},
      "typeVersion": 1
    },
    {
      "id": "2c0f270b-96fb-4cd7-914b-79d509d0e455",
      "name": "Sticky Note 1",
      "type": "n8n-nodes-base.stickyNote",
      "position": [
        -1000,
        120
      ],
      "parameters": {
        "content": ""
      },
      "typeVersion": 1
    },
    {
      "id": "3831e34d-3010-42c7-8193-0b9c51798cd8",
      "name": "Create a board column",
      "type": "n8n-nodes-base.mondayComTool",
      "position": [
        -800,
        380
      ],
      "parameters": {},
      "typeVersion": 1
    },
    {
      "id": "be57a70b-d441-452e-a37c-6a6ad9df021c",
      "name": "Get many board columns",
      "type": "n8n-nodes-base.mondayComTool",
      "position": [
        -580,
        380
      ],
      "parameters": {},
      "typeVersion": 1
    },
    {
      "id": "420adbb2-7a04-4559-ab98-6ec835888c89",
      "name": "Sticky Note 2",
      "type": "n8n-nodes-base.stickyNote",
      "position": [
        -1000,
        360
      ],
      "parameters": {
        "content": ""
      },
      "typeVersion": 1
    },
    {
      "id": "eb1ed0c4-6022-42be-a0e5-a9701b3c9178",
      "name": "Delete a board group",
      "type": "n8n-nodes-base.mondayComTool",
      "position": [
        -800,
        620
      ],
      "parameters": {},
      "typeVersion": 1
    },
    {
      "id": "704a6326-b16f-4576-b3d9-28799d24a376",
      "name": "Create a board group",
      "type": "n8n-nodes-base.mondayComTool",
      "position": [
        -580,
        620
      ],
      "parameters": {},
      "typeVersion": 1
    },
    {
      "id": "4ad14bb7-f3d3-485c-9200-4567ece53901",
      "name": "Get many board groups",
      "type": "n8n-nodes-base.mondayComTool",
      "position": [
        -360,
        620
      ],
      "parameters": {},
      "typeVersion": 1
    },
    {
      "id": "4e726f2c-6fd2-4823-8566-9ccef22485c6",
      "name": "Sticky Note 3",
      "type": "n8n-nodes-base.stickyNote",
      "position": [
        -1000,
        600
      ],
      "parameters": {
        "content": ""
      },
      "typeVersion": 1
    },
    {
      "id": "9ac21f3f-9f9c-4642-bf85-c2a2d17460a6",
      "name": "Add an update to an item",
      "type": "n8n-nodes-base.mondayComTool",
      "position": [
        -800,
        860
      ],
      "parameters": {},
      "typeVersion": 1
    },
    {
      "id": "16677c24-f323-471f-b19e-0f77e1053b13",
      "name": "Change a column value for a board item",
      "type": "n8n-nodes-base.mondayComTool",
      "position": [
        -580,
        860
      ],
      "parameters": {},
      "typeVersion": 1
    },
    {
      "id": "c2ae8259-a78b-45ce-9814-c956844b32a3",
      "name": "Change multiple column values for a board item",
      "type": "n8n-nodes-base.mondayComTool",
      "position": [
        -360,
        860
      ],
      "parameters": {},
      "typeVersion": 1
    },
    {
      "id": "435460a0-5ef3-444e-ae8a-548c594cef80",
      "name": "Create an item in a board's group",
      "type": "n8n-nodes-base.mondayComTool",
      "position": [
        -140,
        860
      ],
      "parameters": {},
      "typeVersion": 1
    },
    {
      "id": "123257a7-811e-4958-8dcc-a894d6b6b413",
      "name": "Delete an item",
      "type": "n8n-nodes-base.mondayComTool",
      "position": [
        80,
        860
      ],
      "parameters": {},
      "typeVersion": 1
    },
    {
      "id": "08075d98-8074-4986-8481-037bd45a334f",
      "name": "Get an item",
      "type": "n8n-nodes-base.mondayComTool",
      "position": [
        300,
        860
      ],
      "parameters": {},
      "typeVersion": 1
    },
    {
      "id": "245c7c1a-0c8a-4f3b-91e8-21adb2ecc408",
      "name": "Get items item by column value",
      "type": "n8n-nodes-base.mondayComTool",
      "position": [
        520,
        860
      ],
      "parameters": {},
      "typeVersion": 1
    },
    {
      "id": "c6a937e3-cde7-4cf1-ace3-962563c5c793",
      "name": "Get many items",
      "type": "n8n-nodes-base.mondayComTool",
      "position": [
        740,
        860
      ],
      "parameters": {},
      "typeVersion": 1
    },
    {
      "id": "b24e9e0e-b41f-47c7-88fa-6fe94b5abe09",
      "name": "Move an item to a group",
      "type": "n8n-nodes-base.mondayComTool",
      "position": [
        960,
        860
      ],
      "parameters": {},
      "typeVersion": 1
    },
    {
      "id": "1ce8072a-b1dc-4e8e-9b4c-d85abcaff657",
      "name": "Sticky Note 4",
      "type": "n8n-nodes-base.stickyNote",
      "position": [
        -1000,
        840
      ],
      "parameters": {
        "content": ""
      },
      "typeVersion": 1
    }
  ],
  "pinData": {},
  "connections": {
    "Get a board": {
      "ai_tool": [
        [
          {
            "node": "Monday.com Tool MCP Server",
            "type": "ai_tool",
            "index": 0
          }
        ]
      ]
    },
    "Get an item": {
      "ai_tool": [
        [
          {
            "node": "Monday.com Tool MCP Server",
            "type": "ai_tool",
            "index": 0
          }
        ]
      ]
    },
    "Create a board": {
      "ai_tool": [
        [
          {
            "node": "Monday.com Tool MCP Server",
            "type": "ai_tool",
            "index": 0
          }
        ]
      ]
    },
    "Delete an item": {
      "ai_tool": [
        [
          {
            "node": "Monday.com Tool MCP Server",
            "type": "ai_tool",
            "index": 0
          }
        ]
      ]
    },
    "Get many items": {
      "ai_tool": [
        [
          {
            "node": "Monday.com Tool MCP Server",
            "type": "ai_tool",
            "index": 0
          }
        ]
      ]
    },
    "Archive a board": {
      "ai_tool": [
        [
          {
            "node": "Monday.com Tool MCP Server",
            "type": "ai_tool",
            "index": 0
          }
        ]
      ]
    },
    "Get many boards": {
      "ai_tool": [
        [
          {
            "node": "Monday.com Tool MCP Server",
            "type": "ai_tool",
            "index": 0
          }
        ]
      ]
    },
    "Create a board group": {
      "ai_tool": [
        [
          {
            "node": "Monday.com Tool MCP Server",
            "type": "ai_tool",
            "index": 0
          }
        ]
      ]
    },
    "Delete a board group": {
      "ai_tool": [
        [
          {
            "node": "Monday.com Tool MCP Server",
            "type": "ai_tool",
            "index": 0
          }
        ]
      ]
    },
    "Create a board column": {
      "ai_tool": [
        [
          {
            "node": "Monday.com Tool MCP Server",
            "type": "ai_tool",
            "index": 0
          }
        ]
      ]
    },
    "Get many board groups": {
      "ai_tool": [
        [
          {
            "node": "Monday.com Tool MCP Server",
            "type": "ai_tool",
            "index": 0
          }
        ]
      ]
    },
    "Get many board columns": {
      "ai_tool": [
        [
          {
            "node": "Monday.com Tool MCP Server",
            "type": "ai_tool",
            "index": 0
          }
        ]
      ]
    },
    "Move an item to a group": {
      "ai_tool": [
        [
          {
            "node": "Monday.com Tool MCP Server",
            "type": "ai_tool",
            "index": 0
          }
        ]
      ]
    },
    "Add an update to an item": {
      "ai_tool": [
        [
          {
            "node": "Monday.com Tool MCP Server",
            "type": "ai_tool",
            "index": 0
          }
        ]
      ]
    },
    "Get items item by column value": {
      "ai_tool": [
        [
          {
            "node": "Monday.com Tool MCP Server",
            "type": "ai_tool",
            "index": 0
          }
        ]
      ]
    },
    "Create an item in a board's group": {
      "ai_tool": [
        [
          {
            "node": "Monday.com Tool MCP Server",
            "type": "ai_tool",
            "index": 0
          }
        ]
      ]
    },
    "Change a column value for a board item": {
      "ai_tool": [
        [
          {
            "node": "Monday.com Tool MCP Server",
            "type": "ai_tool",
            "index": 0
          }
        ]
      ]
    },
    "Change multiple column values for a board item": {
      "ai_tool": [
        [
          {
            "node": "Monday.com Tool MCP Server",
            "type": "ai_tool",
            "index": 0
          }
        ]
      ]
    }
  }
}