{
  "meta": {
    "instanceId": "cd59eaaeb7b34d06e24511380db94cdb7fbce6037cc4de22e539c5158ab9cdfc"
  },
  "nodes": [
    {
      "id": "7e268456-9e77-4462-9994-82f607977632",
      "name": "Workflow Overview 0",
      "type": "n8n-nodes-base.stickyNote",
      "position": [
        -1460,
        -240
      ],
      "parameters": {
        "content": ""
      },
      "typeVersion": 1
    },
    {
      "id": "216404cc-fe53-4aa0-9917-36e35e5ce273",
      "name": "Netlify Tool MCP Server",
      "type": "@n8n/n8n-nodes-langchain.mcpTrigger",
      "position": [
        -420,
        -220
      ],
      "webhookId": "8899bc75-c616-4092-95a2-52a8877ed02c",
      "parameters": {},
      "typeVersion": 1
    },
    {
      "id": "8ffefce4-d693-46a0-b1b1-b4781fd0d1a6",
      "name": "Cancel a deployment",
      "type": "n8n-nodes-base.netlifyTool",
      "position": [
        -800,
        140
      ],
      "parameters": {},
      "typeVersion": 1
    },
    {
      "id": "3d541de8-036d-420a-b839-a67496967878",
      "name": "Create a deployment",
      "type": "n8n-nodes-base.netlifyTool",
      "position": [
        -580,
        140
      ],
      "parameters": {},
      "typeVersion": 1
    },
    {
      "id": "be59c136-bd9b-498f-ae95-c05e88aaa331",
      "name": "Get a deployment",
      "type": "n8n-nodes-base.netlifyTool",
      "position": [
        -360,
        140
      ],
      "parameters": {},
      "typeVersion": 1
    },
    {
      "id": "3f773f01-1416-4c89-9db9-1e541f8d5268",
      "name": "Get many deployments",
      "type": "n8n-nodes-base.netlifyTool",
      "position": [
        -140,
        140
      ],
      "parameters": {},
      "typeVersion": 1
    },
    {
      "id": "b61430ba-8005-44da-9cf7-fcd0f6668d9a",
      "name": "Sticky Note 1",
      "type": "n8n-nodes-base.stickyNote",
      "position": [
        -1000,
        120
      ],
      "parameters": {
        "content": ""
      },
      "typeVersion": 1
    },
    {
      "id": "170bcd67-63db-4787-a531-7e3b920803d8",
      "name": "Delete a site",
      "type": "n8n-nodes-base.netlifyTool",
      "position": [
        -800,
        400
      ],
      "parameters": {},
      "typeVersion": 1
    },
    {
      "id": "9fc9e5ba-86a9-4a4e-8914-8f6cb3c44646",
      "name": "Get a site",
      "type": "n8n-nodes-base.netlifyTool",
      "position": [
        -580,
        400
      ],
      "parameters": {},
      "typeVersion": 1
    },
    {
      "id": "6a470fe8-fa23-4ada-a0ed-e113d381f28c",
      "name": "Get many sites",
      "type": "n8n-nodes-base.netlifyTool",
      "position": [
        -360,
        400
      ],
      "parameters": {},
      "typeVersion": 1
    },
    {
      "id": "62e32faf-f41f-44e2-913f-420dacfd8a12",
      "name": "Sticky Note 2",
      "type": "n8n-nodes-base.stickyNote",
      "position": [
        -1000,
        380
      ],
      "parameters": {
        "content": ""
      },
      "typeVersion": 1
    }
  ],
  "pinData": {},
  "connections": {
    "Get a site": {
      "ai_tool": [
        [
          {
            "node": "Netlify Tool MCP Server",
            "type": "ai_tool",
            "index": 0
          }
        ]
      ]
    },
    "Delete a site": {
      "ai_tool": [
        [
          {
            "node": "Netlify Tool MCP Server",
            "type": "ai_tool",
            "index": 0
          }
        ]
      ]
    },
    "Get many sites": {
      "ai_tool": [
        [
          {
            "node": "Netlify Tool MCP Server",
            "type": "ai_tool",
            "index": 0
          }
        ]
      ]
    },
    "Get a deployment": {
      "ai_tool": [
        [
          {
            "node": "Netlify Tool MCP Server",
            "type": "ai_tool",
            "index": 0
          }
        ]
      ]
    },
    "Cancel a deployment": {
      "ai_tool": [
        [
          {
            "node": "Netlify Tool MCP Server",
            "type": "ai_tool",
            "index": 0
          }
        ]
      ]
    },
    "Create a deployment": {
      "ai_tool": [
        [
          {
            "node": "Netlify Tool MCP Server",
            "type": "ai_tool",
            "index": 0
          }
        ]
      ]
    },
    "Get many deployments": {
      "ai_tool": [
        [
          {
            "node": "Netlify Tool MCP Server",
            "type": "ai_tool",
            "index": 0
          }
        ]
      ]
    }
  }
}