{
  "meta": {
    "instanceId": "cd59eaaeb7b34d06e24511380db94cdb7fbce6037cc4de22e539c5158ab9cdfc"
  },
  "nodes": [
    {
      "id": "e143a340-d4b9-4ff0-8aa7-65afcecffa4d",
      "name": "Workflow Overview 0",
      "type": "n8n-nodes-base.stickyNote",
      "position": [
        -1480,
        -100
      ],
      "parameters": {
        "content": ""
      },
      "typeVersion": 1
    },
    {
      "id": "f33b94da-0742-4a79-92f1-7c7f4c526c74",
      "name": "Nextcloud Tool MCP Server",
      "type": "@n8n/n8n-nodes-langchain.mcpTrigger",
      "position": [
        -420,
        -160
      ],
      "webhookId": "49b6e11a-ff77-477a-a9be-aabff289cc86",
      "parameters": {},
      "typeVersion": 1
    },
    {
      "id": "f59ff6fc-a7dc-4f65-987a-dd1693ff2bee",
      "name": "Copy a file",
      "type": "n8n-nodes-base.nextCloudTool",
      "position": [
        -800,
        140
      ],
      "parameters": {},
      "typeVersion": 1
    },
    {
      "id": "33c8c489-37c3-4d98-ad42-f046c4738228",
      "name": "Delete a file",
      "type": "n8n-nodes-base.nextCloudTool",
      "position": [
        -580,
        140
      ],
      "parameters": {},
      "typeVersion": 1
    },
    {
      "id": "39ec9fcb-62ac-4ecd-99b0-a7d75a9a1734",
      "name": "Download a file",
      "type": "n8n-nodes-base.nextCloudTool",
      "position": [
        -360,
        140
      ],
      "parameters": {},
      "typeVersion": 1
    },
    {
      "id": "29f4aebd-421c-483d-824d-00a453ff7963",
      "name": "Move a file",
      "type": "n8n-nodes-base.nextCloudTool",
      "position": [
        -140,
        140
      ],
      "parameters": {},
      "typeVersion": 1
    },
    {
      "id": "cc2494bc-2180-4487-a6c1-424ea4eacc57",
      "name": "Share a file",
      "type": "n8n-nodes-base.nextCloudTool",
      "position": [
        80,
        140
      ],
      "parameters": {},
      "typeVersion": 1
    },
    {
      "id": "329d4901-f5c5-455e-84e0-4934574f9dba",
      "name": "Upload a file",
      "type": "n8n-nodes-base.nextCloudTool",
      "position": [
        300,
        140
      ],
      "parameters": {},
      "typeVersion": 1
    },
    {
      "id": "48e481d4-97df-4d92-859c-26d32d62d422",
      "name": "Sticky Note 1",
      "type": "n8n-nodes-base.stickyNote",
      "position": [
        -1000,
        120
      ],
      "parameters": {
        "content": ""
      },
      "typeVersion": 1
    },
    {
      "id": "c407e963-eb05-4388-86c6-84c6e9c1890b",
      "name": "Copy a folder",
      "type": "n8n-nodes-base.nextCloudTool",
      "position": [
        -800,
        380
      ],
      "parameters": {},
      "typeVersion": 1
    },
    {
      "id": "0b9d2ec0-41fa-4f45-b4cd-edb860fd921a",
      "name": "Create a folder",
      "type": "n8n-nodes-base.nextCloudTool",
      "position": [
        -580,
        380
      ],
      "parameters": {},
      "typeVersion": 1
    },
    {
      "id": "eb712d80-d74d-4c98-a441-55b41e101d9e",
      "name": "Delete a folder",
      "type": "n8n-nodes-base.nextCloudTool",
      "position": [
        -360,
        380
      ],
      "parameters": {},
      "typeVersion": 1
    },
    {
      "id": "3153a8c3-dda9-42dc-88e9-0cfed784f92b",
      "name": "List a folder",
      "type": "n8n-nodes-base.nextCloudTool",
      "position": [
        -140,
        380
      ],
      "parameters": {},
      "typeVersion": 1
    },
    {
      "id": "a017a5c1-a981-4c2b-9038-b4605b774972",
      "name": "Move a folder",
      "type": "n8n-nodes-base.nextCloudTool",
      "position": [
        80,
        380
      ],
      "parameters": {},
      "typeVersion": 1
    },
    {
      "id": "1dd032d4-45f6-49a7-a1fa-746c25a3a6b9",
      "name": "Share a folder",
      "type": "n8n-nodes-base.nextCloudTool",
      "position": [
        300,
        380
      ],
      "parameters": {},
      "typeVersion": 1
    },
    {
      "id": "608e2702-8a13-4598-883d-38a28227c254",
      "name": "Sticky Note 2",
      "type": "n8n-nodes-base.stickyNote",
      "position": [
        -1000,
        360
      ],
      "parameters": {
        "content": ""
      },
      "typeVersion": 1
    },
    {
      "id": "434a0017-cfd9-4780-8413-e9dd2500b081",
      "name": "Create a user",
      "type": "n8n-nodes-base.nextCloudTool",
      "position": [
        -800,
        620
      ],
      "parameters": {},
      "typeVersion": 1
    },
    {
      "id": "aec605c5-6337-4635-96ee-fe83a7fde211",
      "name": "Delete a user",
      "type": "n8n-nodes-base.nextCloudTool",
      "position": [
        -580,
        620
      ],
      "parameters": {},
      "typeVersion": 1
    },
    {
      "id": "aaba758d-3ed8-4541-87ad-2d4c48f88b0d",
      "name": "Get a user",
      "type": "n8n-nodes-base.nextCloudTool",
      "position": [
        -360,
        620
      ],
      "parameters": {},
      "typeVersion": 1
    },
    {
      "id": "6065e6fa-6875-4c29-8d46-f60aaf783b0a",
      "name": "Get many users",
      "type": "n8n-nodes-base.nextCloudTool",
      "position": [
        -140,
        620
      ],
      "parameters": {},
      "typeVersion": 1
    },
    {
      "id": "8640d469-ed8a-4cfa-9e83-57e7f984b5ea",
      "name": "Update a user",
      "type": "n8n-nodes-base.nextCloudTool",
      "position": [
        80,
        620
      ],
      "parameters": {},
      "typeVersion": 1
    },
    {
      "id": "93b2cb32-2889-4c04-af0f-782c7259f76d",
      "name": "Sticky Note 3",
      "type": "n8n-nodes-base.stickyNote",
      "position": [
        -1000,
        600
      ],
      "parameters": {
        "content": ""
      },
      "typeVersion": 1
    }
  ],
  "pinData": {},
  "connections": {
    "Get a user": {
      "ai_tool": [
        [
          {
            "node": "Nextcloud Tool MCP Server",
            "type": "ai_tool",
            "index": 0
          }
        ]
      ]
    },
    "Copy a file": {
      "ai_tool": [
        [
          {
            "node": "Nextcloud Tool MCP Server",
            "type": "ai_tool",
            "index": 0
          }
        ]
      ]
    },
    "Move a file": {
      "ai_tool": [
        [
          {
            "node": "Nextcloud Tool MCP Server",
            "type": "ai_tool",
            "index": 0
          }
        ]
      ]
    },
    "Share a file": {
      "ai_tool": [
        [
          {
            "node": "Nextcloud Tool MCP Server",
            "type": "ai_tool",
            "index": 0
          }
        ]
      ]
    },
    "Copy a folder": {
      "ai_tool": [
        [
          {
            "node": "Nextcloud Tool MCP Server",
            "type": "ai_tool",
            "index": 0
          }
        ]
      ]
    },
    "Create a user": {
      "ai_tool": [
        [
          {
            "node": "Nextcloud Tool MCP Server",
            "type": "ai_tool",
            "index": 0
          }
        ]
      ]
    },
    "Delete a file": {
      "ai_tool": [
        [
          {
            "node": "Nextcloud Tool MCP Server",
            "type": "ai_tool",
            "index": 0
          }
        ]
      ]
    },
    "Delete a user": {
      "ai_tool": [
        [
          {
            "node": "Nextcloud Tool MCP Server",
            "type": "ai_tool",
            "index": 0
          }
        ]
      ]
    },
    "List a folder": {
      "ai_tool": [
        [
          {
            "node": "Nextcloud Tool MCP Server",
            "type": "ai_tool",
            "index": 0
          }
        ]
      ]
    },
    "Move a folder": {
      "ai_tool": [
        [
          {
            "node": "Nextcloud Tool MCP Server",
            "type": "ai_tool",
            "index": 0
          }
        ]
      ]
    },
    "Update a user": {
      "ai_tool": [
        [
          {
            "node": "Nextcloud Tool MCP Server",
            "type": "ai_tool",
            "index": 0
          }
        ]
      ]
    },
    "Upload a file": {
      "ai_tool": [
        [
          {
            "node": "Nextcloud Tool MCP Server",
            "type": "ai_tool",
            "index": 0
          }
        ]
      ]
    },
    "Get many users": {
      "ai_tool": [
        [
          {
            "node": "Nextcloud Tool MCP Server",
            "type": "ai_tool",
            "index": 0
          }
        ]
      ]
    },
    "Share a folder": {
      "ai_tool": [
        [
          {
            "node": "Nextcloud Tool MCP Server",
            "type": "ai_tool",
            "index": 0
          }
        ]
      ]
    },
    "Create a folder": {
      "ai_tool": [
        [
          {
            "node": "Nextcloud Tool MCP Server",
            "type": "ai_tool",
            "index": 0
          }
        ]
      ]
    },
    "Delete a folder": {
      "ai_tool": [
        [
          {
            "node": "Nextcloud Tool MCP Server",
            "type": "ai_tool",
            "index": 0
          }
        ]
      ]
    },
    "Download a file": {
      "ai_tool": [
        [
          {
            "node": "Nextcloud Tool MCP Server",
            "type": "ai_tool",
            "index": 0
          }
        ]
      ]
    }
  }
}