{
  "meta": {
    "instanceId": "cd59eaaeb7b34d06e24511380db94cdb7fbce6037cc4de22e539c5158ab9cdfc"
  },
  "nodes": [
    {
      "id": "3265ec12-854e-427c-8b55-e3c376525551",
      "name": "Workflow Overview 0",
      "type": "n8n-nodes-base.stickyNote",
      "position": [
        -1500,
        140
      ],
      "parameters": {
        "content": ""
      },
      "typeVersion": 1
    },
    {
      "id": "6693fd41-0106-45c2-b45c-6b0f32f8beab",
      "name": "Onfleet Tool MCP Server",
      "type": "@n8n/n8n-nodes-langchain.mcpTrigger",
      "position": [
        60,
        340
      ],
      "webhookId": "ff61f475-344c-48a5-9d9d-d737b00df9c2",
      "parameters": {},
      "typeVersion": 1
    },
    {
      "id": "5a4ae1dc-4a94-4311-ae2b-c58b873a4274",
      "name": "Create an admin",
      "type": "n8n-nodes-base.onfleetTool",
      "position": [
        -800,
        140
      ],
      "parameters": {},
      "typeVersion": 1
    },
    {
      "id": "beec4bb4-e90b-4aa7-8295-d861ca7ef732",
      "name": "Delete an admin",
      "type": "n8n-nodes-base.onfleetTool",
      "position": [
        -580,
        140
      ],
      "parameters": {},
      "typeVersion": 1
    },
    {
      "id": "47a20ec9-9540-4b1f-92e2-0cad50f76551",
      "name": "Get many admins",
      "type": "n8n-nodes-base.onfleetTool",
      "position": [
        -360,
        140
      ],
      "parameters": {},
      "typeVersion": 1
    },
    {
      "id": "2f9197b0-3383-48b0-9ed6-164b519d42d2",
      "name": "Update an admin",
      "type": "n8n-nodes-base.onfleetTool",
      "position": [
        -140,
        140
      ],
      "parameters": {},
      "typeVersion": 1
    },
    {
      "id": "f75d5909-7db6-4b0a-9241-8e15555e36b1",
      "name": "Sticky Note 1",
      "type": "n8n-nodes-base.stickyNote",
      "position": [
        -1000,
        120
      ],
      "parameters": {
        "content": ""
      },
      "typeVersion": 1
    },
    {
      "id": "9e6fd4d2-9ce4-4bdf-a293-07306bd2f706",
      "name": "Add tasks",
      "type": "n8n-nodes-base.onfleetTool",
      "position": [
        -800,
        380
      ],
      "parameters": {},
      "typeVersion": 1
    },
    {
      "id": "2454a74f-8493-48f4-a2fd-a637c9463571",
      "name": "Get a container",
      "type": "n8n-nodes-base.onfleetTool",
      "position": [
        -580,
        380
      ],
      "parameters": {},
      "typeVersion": 1
    },
    {
      "id": "22ab7030-60ba-426a-bb49-24483daf536a",
      "name": "Update tasks",
      "type": "n8n-nodes-base.onfleetTool",
      "position": [
        -360,
        380
      ],
      "parameters": {},
      "typeVersion": 1
    },
    {
      "id": "f7346d9b-3546-4e8c-a2e4-772252fb1d6d",
      "name": "Sticky Note 2",
      "type": "n8n-nodes-base.stickyNote",
      "position": [
        -1000,
        360
      ],
      "parameters": {
        "content": ""
      },
      "typeVersion": 1
    },
    {
      "id": "0f052f51-cd3c-4567-b0ac-af5c9937710b",
      "name": "Create a destination",
      "type": "n8n-nodes-base.onfleetTool",
      "position": [
        -800,
        620
      ],
      "parameters": {},
      "typeVersion": 1
    },
    {
      "id": "bc74fe6a-0312-4fe6-8194-8b3589ebd4d2",
      "name": "Get a destination",
      "type": "n8n-nodes-base.onfleetTool",
      "position": [
        -580,
        620
      ],
      "parameters": {},
      "typeVersion": 1
    },
    {
      "id": "be891871-938c-4d55-aa1f-bb2ac2b5e676",
      "name": "Sticky Note 3",
      "type": "n8n-nodes-base.stickyNote",
      "position": [
        -1000,
        600
      ],
      "parameters": {
        "content": ""
      },
      "typeVersion": 1
    },
    {
      "id": "2f52d250-e7b4-4475-9a30-e29f48ad4b42",
      "name": "Create a hub",
      "type": "n8n-nodes-base.onfleetTool",
      "position": [
        -100,
        620
      ],
      "parameters": {},
      "typeVersion": 1
    },
    {
      "id": "56718ea1-6852-4dda-b2b6-df3276ea2238",
      "name": "Get many hubs",
      "type": "n8n-nodes-base.onfleetTool",
      "position": [
        120,
        620
      ],
      "parameters": {},
      "typeVersion": 1
    },
    {
      "id": "60a74bfe-f88f-4e34-9c37-82dbaebe9a31",
      "name": "Update a hub",
      "type": "n8n-nodes-base.onfleetTool",
      "position": [
        340,
        620
      ],
      "parameters": {},
      "typeVersion": 1
    },
    {
      "id": "448da5ff-9fd4-45b7-9a04-568c304c0719",
      "name": "Sticky Note 4",
      "type": "n8n-nodes-base.stickyNote",
      "position": [
        -300,
        600
      ],
      "parameters": {
        "content": ""
      },
      "typeVersion": 1
    },
    {
      "id": "1616937c-8a1a-4a1a-8c21-5d869cea1b85",
      "name": "Get my organization",
      "type": "n8n-nodes-base.onfleetTool",
      "position": [
        -800,
        860
      ],
      "parameters": {},
      "typeVersion": 1
    },
    {
      "id": "9b7f65a9-a631-473b-832f-e7698392756f",
      "name": "Get a delegatee's details",
      "type": "n8n-nodes-base.onfleetTool",
      "position": [
        -580,
        860
      ],
      "parameters": {},
      "typeVersion": 1
    },
    {
      "id": "7ac2c046-a2c8-46d4-900a-8f1447678895",
      "name": "Sticky Note 5",
      "type": "n8n-nodes-base.stickyNote",
      "position": [
        -1000,
        840
      ],
      "parameters": {
        "content": ""
      },
      "typeVersion": 1
    },
    {
      "id": "44d5850f-dbea-4d6c-a415-2716f9136980",
      "name": "Create a recipient",
      "type": "n8n-nodes-base.onfleetTool",
      "position": [
        -100,
        860
      ],
      "parameters": {},
      "typeVersion": 1
    },
    {
      "id": "8540bf54-cf9b-452e-840f-b3eae9f5f75a",
      "name": "Get a recipient",
      "type": "n8n-nodes-base.onfleetTool",
      "position": [
        120,
        860
      ],
      "parameters": {},
      "typeVersion": 1
    },
    {
      "id": "bd150f9c-ce35-41b2-9d76-59f76b27fe00",
      "name": "Update a recipient",
      "type": "n8n-nodes-base.onfleetTool",
      "position": [
        340,
        860
      ],
      "parameters": {},
      "typeVersion": 1
    },
    {
      "id": "007cbf95-149c-4d49-bec8-10fee19f61bf",
      "name": "Sticky Note 6",
      "type": "n8n-nodes-base.stickyNote",
      "position": [
        -300,
        840
      ],
      "parameters": {
        "content": ""
      },
      "typeVersion": 1
    },
    {
      "id": "3752d031-5089-42b7-90d7-88300b24cd7b",
      "name": "Clone a task",
      "type": "n8n-nodes-base.onfleetTool",
      "position": [
        -800,
        1120
      ],
      "parameters": {},
      "typeVersion": 1
    },
    {
      "id": "c1fcc6de-2bb7-4c7f-9b0a-e6dd6452dd93",
      "name": "Complete a task",
      "type": "n8n-nodes-base.onfleetTool",
      "position": [
        -580,
        1120
      ],
      "parameters": {},
      "typeVersion": 1
    },
    {
      "id": "2570397a-6f00-4c5e-a8dd-20f937e6ed51",
      "name": "Create a task",
      "type": "n8n-nodes-base.onfleetTool",
      "position": [
        -360,
        1120
      ],
      "parameters": {},
      "typeVersion": 1
    },
    {
      "id": "b91f84f5-f44e-4b98-a639-83d242c7407f",
      "name": "Delete a task",
      "type": "n8n-nodes-base.onfleetTool",
      "position": [
        -140,
        1120
      ],
      "parameters": {},
      "typeVersion": 1
    },
    {
      "id": "cb5bfb60-296e-4b68-a391-fade278ee23f",
      "name": "Get a task",
      "type": "n8n-nodes-base.onfleetTool",
      "position": [
        80,
        1120
      ],
      "parameters": {},
      "typeVersion": 1
    },
    {
      "id": "f78a5508-b4f8-4033-9406-427dde3b52fd",
      "name": "Get many tasks",
      "type": "n8n-nodes-base.onfleetTool",
      "position": [
        300,
        1120
      ],
      "parameters": {},
      "typeVersion": 1
    },
    {
      "id": "7ff69498-052a-4604-bca9-4bfae3e095b0",
      "name": "Update a task",
      "type": "n8n-nodes-base.onfleetTool",
      "position": [
        520,
        1120
      ],
      "parameters": {},
      "typeVersion": 1
    },
    {
      "id": "c72a7bc3-efa1-41e0-b7d2-88e20f6853dd",
      "name": "Sticky Note 7",
      "type": "n8n-nodes-base.stickyNote",
      "position": [
        -1000,
        1100
      ],
      "parameters": {
        "content": ""
      },
      "typeVersion": 1
    },
    {
      "id": "5ca79932-838f-4625-b404-7e7f4173ead1",
      "name": "Auto-dispatch a team",
      "type": "n8n-nodes-base.onfleetTool",
      "position": [
        -800,
        1360
      ],
      "parameters": {},
      "typeVersion": 1
    },
    {
      "id": "842eba9e-0674-4a05-8a8c-caca1ed91ee2",
      "name": "Create a team",
      "type": "n8n-nodes-base.onfleetTool",
      "position": [
        -580,
        1360
      ],
      "parameters": {},
      "typeVersion": 1
    },
    {
      "id": "b4604ca4-ea93-4480-955d-67bf49d1d229",
      "name": "Delete a team",
      "type": "n8n-nodes-base.onfleetTool",
      "position": [
        -360,
        1360
      ],
      "parameters": {},
      "typeVersion": 1
    },
    {
      "id": "ee36f79b-1e8d-46d3-a2f8-43824a9c9778",
      "name": "Get a team",
      "type": "n8n-nodes-base.onfleetTool",
      "position": [
        -140,
        1360
      ],
      "parameters": {},
      "typeVersion": 1
    },
    {
      "id": "c572633c-e16e-4c34-b5a2-92165027fc32",
      "name": "Get many teams",
      "type": "n8n-nodes-base.onfleetTool",
      "position": [
        80,
        1360
      ],
      "parameters": {},
      "typeVersion": 1
    },
    {
      "id": "93298b12-0f65-4952-a86b-9d5c11aa3fe8",
      "name": "Get time estimates for a team",
      "type": "n8n-nodes-base.onfleetTool",
      "position": [
        300,
        1360
      ],
      "parameters": {},
      "typeVersion": 1
    },
    {
      "id": "bad76d71-6356-487c-9833-a901f3eb2077",
      "name": "Update a team",
      "type": "n8n-nodes-base.onfleetTool",
      "position": [
        520,
        1360
      ],
      "parameters": {},
      "typeVersion": 1
    },
    {
      "id": "685544f0-96f4-4760-9124-482b11ab4582",
      "name": "Sticky Note 8",
      "type": "n8n-nodes-base.stickyNote",
      "position": [
        -1000,
        1340
      ],
      "parameters": {
        "content": ""
      },
      "typeVersion": 1
    },
    {
      "id": "2adb7be0-7e47-42f9-be20-57c687293ce4",
      "name": "Create a worker",
      "type": "n8n-nodes-base.onfleetTool",
      "position": [
        -800,
        1600
      ],
      "parameters": {},
      "typeVersion": 1
    },
    {
      "id": "a46b2d3d-b43a-401d-a8db-50904b221052",
      "name": "Delete a worker",
      "type": "n8n-nodes-base.onfleetTool",
      "position": [
        -580,
        1600
      ],
      "parameters": {},
      "typeVersion": 1
    },
    {
      "id": "e22ad640-0077-445d-a2c6-9b20f3fe6c02",
      "name": "Get a worker",
      "type": "n8n-nodes-base.onfleetTool",
      "position": [
        -360,
        1600
      ],
      "parameters": {},
      "typeVersion": 1
    },
    {
      "id": "c570fea1-3e1b-4280-abca-937146242df0",
      "name": "Get many workers",
      "type": "n8n-nodes-base.onfleetTool",
      "position": [
        -140,
        1600
      ],
      "parameters": {},
      "typeVersion": 1
    },
    {
      "id": "dd6cfbae-3b9c-4436-a811-33fc84bc5cf7",
      "name": "Get the schedule for a worker",
      "type": "n8n-nodes-base.onfleetTool",
      "position": [
        80,
        1600
      ],
      "parameters": {},
      "typeVersion": 1
    },
    {
      "id": "9dca1a3f-8bb1-4748-8da4-d5b25c4e4e74",
      "name": "Update a worker",
      "type": "n8n-nodes-base.onfleetTool",
      "position": [
        300,
        1600
      ],
      "parameters": {},
      "typeVersion": 1
    },
    {
      "id": "497c64ac-3d42-499d-80ba-97d237aea382",
      "name": "Sticky Note 9",
      "type": "n8n-nodes-base.stickyNote",
      "position": [
        -1000,
        1580
      ],
      "parameters": {
        "content": ""
      },
      "typeVersion": 1
    }
  ],
  "pinData": {},
  "connections": {
    "Add tasks": {
      "ai_tool": [
        [
          {
            "node": "Onfleet Tool MCP Server",
            "type": "ai_tool",
            "index": 0
          }
        ]
      ]
    },
    "Get a task": {
      "ai_tool": [
        [
          {
            "node": "Onfleet Tool MCP Server",
            "type": "ai_tool",
            "index": 0
          }
        ]
      ]
    },
    "Get a team": {
      "ai_tool": [
        [
          {
            "node": "Onfleet Tool MCP Server",
            "type": "ai_tool",
            "index": 0
          }
        ]
      ]
    },
    "Clone a task": {
      "ai_tool": [
        [
          {
            "node": "Onfleet Tool MCP Server",
            "type": "ai_tool",
            "index": 0
          }
        ]
      ]
    },
    "Create a hub": {
      "ai_tool": [
        [
          {
            "node": "Onfleet Tool MCP Server",
            "type": "ai_tool",
            "index": 0
          }
        ]
      ]
    },
    "Get a worker": {
      "ai_tool": [
        [
          {
            "node": "Onfleet Tool MCP Server",
            "type": "ai_tool",
            "index": 0
          }
        ]
      ]
    },
    "Update a hub": {
      "ai_tool": [
        [
          {
            "node": "Onfleet Tool MCP Server",
            "type": "ai_tool",
            "index": 0
          }
        ]
      ]
    },
    "Update tasks": {
      "ai_tool": [
        [
          {
            "node": "Onfleet Tool MCP Server",
            "type": "ai_tool",
            "index": 0
          }
        ]
      ]
    },
    "Create a task": {
      "ai_tool": [
        [
          {
            "node": "Onfleet Tool MCP Server",
            "type": "ai_tool",
            "index": 0
          }
        ]
      ]
    },
    "Create a team": {
      "ai_tool": [
        [
          {
            "node": "Onfleet Tool MCP Server",
            "type": "ai_tool",
            "index": 0
          }
        ]
      ]
    },
    "Delete a task": {
      "ai_tool": [
        [
          {
            "node": "Onfleet Tool MCP Server",
            "type": "ai_tool",
            "index": 0
          }
        ]
      ]
    },
    "Delete a team": {
      "ai_tool": [
        [
          {
            "node": "Onfleet Tool MCP Server",
            "type": "ai_tool",
            "index": 0
          }
        ]
      ]
    },
    "Get many hubs": {
      "ai_tool": [
        [
          {
            "node": "Onfleet Tool MCP Server",
            "type": "ai_tool",
            "index": 0
          }
        ]
      ]
    },
    "Update a task": {
      "ai_tool": [
        [
          {
            "node": "Onfleet Tool MCP Server",
            "type": "ai_tool",
            "index": 0
          }
        ]
      ]
    },
    "Update a team": {
      "ai_tool": [
        [
          {
            "node": "Onfleet Tool MCP Server",
            "type": "ai_tool",
            "index": 0
          }
        ]
      ]
    },
    "Get many tasks": {
      "ai_tool": [
        [
          {
            "node": "Onfleet Tool MCP Server",
            "type": "ai_tool",
            "index": 0
          }
        ]
      ]
    },
    "Get many teams": {
      "ai_tool": [
        [
          {
            "node": "Onfleet Tool MCP Server",
            "type": "ai_tool",
            "index": 0
          }
        ]
      ]
    },
    "Complete a task": {
      "ai_tool": [
        [
          {
            "node": "Onfleet Tool MCP Server",
            "type": "ai_tool",
            "index": 0
          }
        ]
      ]
    },
    "Create a worker": {
      "ai_tool": [
        [
          {
            "node": "Onfleet Tool MCP Server",
            "type": "ai_tool",
            "index": 0
          }
        ]
      ]
    },
    "Create an admin": {
      "ai_tool": [
        [
          {
            "node": "Onfleet Tool MCP Server",
            "type": "ai_tool",
            "index": 0
          }
        ]
      ]
    },
    "Delete a worker": {
      "ai_tool": [
        [
          {
            "node": "Onfleet Tool MCP Server",
            "type": "ai_tool",
            "index": 0
          }
        ]
      ]
    },
    "Delete an admin": {
      "ai_tool": [
        [
          {
            "node": "Onfleet Tool MCP Server",
            "type": "ai_tool",
            "index": 0
          }
        ]
      ]
    },
    "Get a container": {
      "ai_tool": [
        [
          {
            "node": "Onfleet Tool MCP Server",
            "type": "ai_tool",
            "index": 0
          }
        ]
      ]
    },
    "Get a recipient": {
      "ai_tool": [
        [
          {
            "node": "Onfleet Tool MCP Server",
            "type": "ai_tool",
            "index": 0
          }
        ]
      ]
    },
    "Get many admins": {
      "ai_tool": [
        [
          {
            "node": "Onfleet Tool MCP Server",
            "type": "ai_tool",
            "index": 0
          }
        ]
      ]
    },
    "Update a worker": {
      "ai_tool": [
        [
          {
            "node": "Onfleet Tool MCP Server",
            "type": "ai_tool",
            "index": 0
          }
        ]
      ]
    },
    "Update an admin": {
      "ai_tool": [
        [
          {
            "node": "Onfleet Tool MCP Server",
            "type": "ai_tool",
            "index": 0
          }
        ]
      ]
    },
    "Get many workers": {
      "ai_tool": [
        [
          {
            "node": "Onfleet Tool MCP Server",
            "type": "ai_tool",
            "index": 0
          }
        ]
      ]
    },
    "Get a destination": {
      "ai_tool": [
        [
          {
            "node": "Onfleet Tool MCP Server",
            "type": "ai_tool",
            "index": 0
          }
        ]
      ]
    },
    "Create a recipient": {
      "ai_tool": [
        [
          {
            "node": "Onfleet Tool MCP Server",
            "type": "ai_tool",
            "index": 0
          }
        ]
      ]
    },
    "Update a recipient": {
      "ai_tool": [
        [
          {
            "node": "Onfleet Tool MCP Server",
            "type": "ai_tool",
            "index": 0
          }
        ]
      ]
    },
    "Get my organization": {
      "ai_tool": [
        [
          {
            "node": "Onfleet Tool MCP Server",
            "type": "ai_tool",
            "index": 0
          }
        ]
      ]
    },
    "Auto-dispatch a team": {
      "ai_tool": [
        [
          {
            "node": "Onfleet Tool MCP Server",
            "type": "ai_tool",
            "index": 0
          }
        ]
      ]
    },
    "Create a destination": {
      "ai_tool": [
        [
          {
            "node": "Onfleet Tool MCP Server",
            "type": "ai_tool",
            "index": 0
          }
        ]
      ]
    },
    "Get a delegatee's details": {
      "ai_tool": [
        [
          {
            "node": "Onfleet Tool MCP Server",
            "type": "ai_tool",
            "index": 0
          }
        ]
      ]
    },
    "Get the schedule for a worker": {
      "ai_tool": [
        [
          {
            "node": "Onfleet Tool MCP Server",
            "type": "ai_tool",
            "index": 0
          }
        ]
      ]
    },
    "Get time estimates for a team": {
      "ai_tool": [
        [
          {
            "node": "Onfleet Tool MCP Server",
            "type": "ai_tool",
            "index": 0
          }
        ]
      ]
    }
  }
}