{
  "meta": {
    "instanceId": "cd59eaaeb7b34d06e24511380db94cdb7fbce6037cc4de22e539c5158ab9cdfc"
  },
  "nodes": [
    {
      "id": "1c442b69-07e9-4680-982f-f8e2a9fcceff",
      "name": "Workflow Overview 0",
      "type": "n8n-nodes-base.stickyNote",
      "position": [
        -1480,
        -40
      ],
      "parameters": {
        "content": ""
      },
      "typeVersion": 1
    },
    {
      "id": "30c5910e-78ba-4d50-857e-8bfc17de3e9a",
      "name": "Paddle Tool MCP Server",
      "type": "@n8n/n8n-nodes-langchain.mcpTrigger",
      "position": [
        -420,
        -100
      ],
      "webhookId": "aa6ab58c-c09d-4c61-8931-236c2bc47c44",
      "parameters": {},
      "typeVersion": 1
    },
    {
      "id": "fb88c0f9-087e-4163-82f4-fe50449bdaed",
      "name": "Create a coupon",
      "type": "n8n-nodes-base.paddleTool",
      "position": [
        -800,
        140
      ],
      "parameters": {},
      "typeVersion": 1
    },
    {
      "id": "50704140-ea5f-4064-b397-fec4ae2fb51f",
      "name": "Get many coupons",
      "type": "n8n-nodes-base.paddleTool",
      "position": [
        -580,
        140
      ],
      "parameters": {},
      "typeVersion": 1
    },
    {
      "id": "266af824-f8d6-46ea-a936-be6fd8fd52ba",
      "name": "Update a coupon",
      "type": "n8n-nodes-base.paddleTool",
      "position": [
        -360,
        140
      ],
      "parameters": {},
      "typeVersion": 1
    },
    {
      "id": "97d90ec8-d653-4a4b-b1de-879bb52cf451",
      "name": "Sticky Note 1",
      "type": "n8n-nodes-base.stickyNote",
      "position": [
        -1000,
        120
      ],
      "parameters": {
        "content": ""
      },
      "typeVersion": 1
    },
    {
      "id": "30d3fb6e-6951-4056-957a-d987612b73be",
      "name": "Get many payments",
      "type": "n8n-nodes-base.paddleTool",
      "position": [
        -800,
        380
      ],
      "parameters": {},
      "typeVersion": 1
    },
    {
      "id": "d01b58d4-09a2-4bb7-b043-402eccc79075",
      "name": "Reschedule a payment",
      "type": "n8n-nodes-base.paddleTool",
      "position": [
        -580,
        380
      ],
      "parameters": {},
      "typeVersion": 1
    },
    {
      "id": "f2216b27-c991-418a-9b51-b52c430d102b",
      "name": "Sticky Note 2",
      "type": "n8n-nodes-base.stickyNote",
      "position": [
        -1000,
        360
      ],
      "parameters": {
        "content": ""
      },
      "typeVersion": 1
    },
    {
      "id": "f30839bf-a7d2-49d6-807e-a06f4d90a740",
      "name": "Get a plan",
      "type": "n8n-nodes-base.paddleTool",
      "position": [
        -800,
        620
      ],
      "parameters": {},
      "typeVersion": 1
    },
    {
      "id": "522d2feb-aadb-471a-bae5-b09034a6fea2",
      "name": "Get many plans",
      "type": "n8n-nodes-base.paddleTool",
      "position": [
        -580,
        620
      ],
      "parameters": {},
      "typeVersion": 1
    },
    {
      "id": "ad3137ae-1ede-46df-a321-dd48c412f1f5",
      "name": "Sticky Note 3",
      "type": "n8n-nodes-base.stickyNote",
      "position": [
        -1000,
        600
      ],
      "parameters": {
        "content": ""
      },
      "typeVersion": 1
    },
    {
      "id": "d5324feb-dca1-4af4-844a-2cc4b377e0b1",
      "name": "Get many products",
      "type": "n8n-nodes-base.paddleTool",
      "position": [
        -800,
        860
      ],
      "parameters": {},
      "typeVersion": 1
    },
    {
      "id": "22c9f047-e11f-4abd-9980-0b8eb21ab7a5",
      "name": "Sticky Note 4",
      "type": "n8n-nodes-base.stickyNote",
      "position": [
        -1000,
        840
      ],
      "parameters": {
        "content": ""
      },
      "typeVersion": 1
    },
    {
      "id": "55c6a919-c560-4d5f-ad51-3c63ed414355",
      "name": "Get many users",
      "type": "n8n-nodes-base.paddleTool",
      "position": [
        -800,
        -80
      ],
      "parameters": {},
      "typeVersion": 1
    },
    {
      "id": "2cabcd08-046d-43d2-ac5f-bdae9bb8667d",
      "name": "Sticky Note 5",
      "type": "n8n-nodes-base.stickyNote",
      "position": [
        -1000,
        -100
      ],
      "parameters": {
        "content": ""
      },
      "typeVersion": 1
    }
  ],
  "pinData": {},
  "connections": {
    "Get a plan": {
      "ai_tool": [
        [
          {
            "node": "Paddle Tool MCP Server",
            "type": "ai_tool",
            "index": 0
          }
        ]
      ]
    },
    "Get many plans": {
      "ai_tool": [
        [
          {
            "node": "Paddle Tool MCP Server",
            "type": "ai_tool",
            "index": 0
          }
        ]
      ]
    },
    "Get many users": {
      "ai_tool": [
        [
          {
            "node": "Paddle Tool MCP Server",
            "type": "ai_tool",
            "index": 0
          }
        ]
      ]
    },
    "Create a coupon": {
      "ai_tool": [
        [
          {
            "node": "Paddle Tool MCP Server",
            "type": "ai_tool",
            "index": 0
          }
        ]
      ]
    },
    "Update a coupon": {
      "ai_tool": [
        [
          {
            "node": "Paddle Tool MCP Server",
            "type": "ai_tool",
            "index": 0
          }
        ]
      ]
    },
    "Get many coupons": {
      "ai_tool": [
        [
          {
            "node": "Paddle Tool MCP Server",
            "type": "ai_tool",
            "index": 0
          }
        ]
      ]
    },
    "Get many payments": {
      "ai_tool": [
        [
          {
            "node": "Paddle Tool MCP Server",
            "type": "ai_tool",
            "index": 0
          }
        ]
      ]
    },
    "Get many products": {
      "ai_tool": [
        [
          {
            "node": "Paddle Tool MCP Server",
            "type": "ai_tool",
            "index": 0
          }
        ]
      ]
    },
    "Reschedule a payment": {
      "ai_tool": [
        [
          {
            "node": "Paddle Tool MCP Server",
            "type": "ai_tool",
            "index": 0
          }
        ]
      ]
    }
  }
}