{
  "meta": {
    "instanceId": "cd59eaaeb7b34d06e24511380db94cdb7fbce6037cc4de22e539c5158ab9cdfc"
  },
  "nodes": [
    {
      "id": "31ad8c85-582a-45d0-b987-46a65b21c4c3",
      "name": "Workflow Overview 0",
      "type": "n8n-nodes-base.stickyNote",
      "position": [
        -1460,
        -280
      ],
      "parameters": {
        "content": ""
      },
      "typeVersion": 1
    },
    {
      "id": "edfbad59-5678-4d34-9869-3b5a4f3e9a69",
      "name": "Venafi TLS Protect Cloud Tool MCP Server",
      "type": "@n8n/n8n-nodes-langchain.mcpTrigger",
      "position": [
        -420,
        -240
      ],
      "webhookId": "ea02ff5c-f0f7-4d1d-a526-9bdb68029f2d",
      "parameters": {},
      "typeVersion": 1
    },
    {
      "id": "5ef6eb07-6798-4b14-ab84-5002d43f7505",
      "name": "Delete a certificate",
      "type": "n8n-nodes-base.venafiTlsProtectCloudTool",
      "position": [
        -800,
        140
      ],
      "parameters": {},
      "typeVersion": 1
    },
    {
      "id": "558fe742-e344-48c5-8bf2-c5d94af3d611",
      "name": "Download a certificate",
      "type": "n8n-nodes-base.venafiTlsProtectCloudTool",
      "position": [
        -580,
        140
      ],
      "parameters": {},
      "typeVersion": 1
    },
    {
      "id": "b3084060-ebd3-4558-a53f-b09225feae6e",
      "name": "Get a certificate",
      "type": "n8n-nodes-base.venafiTlsProtectCloudTool",
      "position": [
        -360,
        140
      ],
      "parameters": {},
      "typeVersion": 1
    },
    {
      "id": "1f73ce74-e585-4d24-8d21-cf88787c0ba8",
      "name": "Get many certificates",
      "type": "n8n-nodes-base.venafiTlsProtectCloudTool",
      "position": [
        -140,
        140
      ],
      "parameters": {},
      "typeVersion": 1
    },
    {
      "id": "e04af5ac-7694-4697-9ea5-8dfa92300e4a",
      "name": "Renew a certificate",
      "type": "n8n-nodes-base.venafiTlsProtectCloudTool",
      "position": [
        80,
        140
      ],
      "parameters": {},
      "typeVersion": 1
    },
    {
      "id": "7bc229af-445e-4043-8d5d-fbd12fc870fd",
      "name": "Sticky Note 1",
      "type": "n8n-nodes-base.stickyNote",
      "position": [
        -1000,
        120
      ],
      "parameters": {
        "content": ""
      },
      "typeVersion": 1
    },
    {
      "id": "b0945f4f-caa2-4fa0-853d-7a645ec7d302",
      "name": "Create a certificate request",
      "type": "n8n-nodes-base.venafiTlsProtectCloudTool",
      "position": [
        -800,
        380
      ],
      "parameters": {},
      "typeVersion": 1
    },
    {
      "id": "03a7fae8-6dc4-4865-8830-44b6b1db1c44",
      "name": "Get a certificate request",
      "type": "n8n-nodes-base.venafiTlsProtectCloudTool",
      "position": [
        -580,
        380
      ],
      "parameters": {},
      "typeVersion": 1
    },
    {
      "id": "d5f9f5ad-2745-4c8a-be10-0d4e72749131",
      "name": "Get many certificate requests",
      "type": "n8n-nodes-base.venafiTlsProtectCloudTool",
      "position": [
        -360,
        380
      ],
      "parameters": {},
      "typeVersion": 1
    },
    {
      "id": "ed0089c9-e328-4825-aed8-8baec9de5fda",
      "name": "Sticky Note 2",
      "type": "n8n-nodes-base.stickyNote",
      "position": [
        -1000,
        360
      ],
      "parameters": {
        "content": ""
      },
      "typeVersion": 1
    }
  ],
  "pinData": {},
  "connections": {
    "Get a certificate": {
      "ai_tool": [
        [
          {
            "node": "Venafi TLS Protect Cloud Tool MCP Server",
            "type": "ai_tool",
            "index": 0
          }
        ]
      ]
    },
    "Renew a certificate": {
      "ai_tool": [
        [
          {
            "node": "Venafi TLS Protect Cloud Tool MCP Server",
            "type": "ai_tool",
            "index": 0
          }
        ]
      ]
    },
    "Delete a certificate": {
      "ai_tool": [
        [
          {
            "node": "Venafi TLS Protect Cloud Tool MCP Server",
            "type": "ai_tool",
            "index": 0
          }
        ]
      ]
    },
    "Get many certificates": {
      "ai_tool": [
        [
          {
            "node": "Venafi TLS Protect Cloud Tool MCP Server",
            "type": "ai_tool",
            "index": 0
          }
        ]
      ]
    },
    "Download a certificate": {
      "ai_tool": [
        [
          {
            "node": "Venafi TLS Protect Cloud Tool MCP Server",
            "type": "ai_tool",
            "index": 0
          }
        ]
      ]
    },
    "Get a certificate request": {
      "ai_tool": [
        [
          {
            "node": "Venafi TLS Protect Cloud Tool MCP Server",
            "type": "ai_tool",
            "index": 0
          }
        ]
      ]
    },
    "Create a certificate request": {
      "ai_tool": [
        [
          {
            "node": "Venafi TLS Protect Cloud Tool MCP Server",
            "type": "ai_tool",
            "index": 0
          }
        ]
      ]
    },
    "Get many certificate requests": {
      "ai_tool": [
        [
          {
            "node": "Venafi TLS Protect Cloud Tool MCP Server",
            "type": "ai_tool",
            "index": 0
          }
        ]
      ]
    }
  }
}