{
  "meta": {
    "instanceId": "cd59eaaeb7b34d06e24511380db94cdb7fbce6037cc4de22e539c5158ab9cdfc"
  },
  "nodes": [
    {
      "id": "15e91afb-aeea-448c-9257-fd0e6fa83672",
      "name": "Workflow Overview 0",
      "type": "n8n-nodes-base.stickyNote",
      "position": [
        680,
        160
      ],
      "parameters": {
        "content": ""
      },
      "typeVersion": 1
    },
    {
      "id": "479eee83-a2cb-4f2d-bac0-3fee34b8f562",
      "name": "Trello Tool MCP Server",
      "type": "@n8n/n8n-nodes-langchain.mcpTrigger",
      "position": [
        300,
        160
      ],
      "webhookId": "df184d28-dba3-452e-9e73-79fa92b2444d",
      "parameters": {},
      "typeVersion": 1
    },
    {
      "id": "d17042b7-5ccc-496f-91d8-ee73793c793a",
      "name": "Create an attachment",
      "type": "n8n-nodes-base.trelloTool",
      "position": [
        -800,
        140
      ],
      "parameters": {},
      "typeVersion": 1
    },
    {
      "id": "05ac707b-905f-44b9-94a6-242a4d4135d0",
      "name": "Delete an attachment",
      "type": "n8n-nodes-base.trelloTool",
      "position": [
        -580,
        140
      ],
      "parameters": {},
      "typeVersion": 1
    },
    {
      "id": "b2817c37-1f99-4542-9842-2393cf968ec0",
      "name": "Get an attachment",
      "type": "n8n-nodes-base.trelloTool",
      "position": [
        -360,
        140
      ],
      "parameters": {},
      "typeVersion": 1
    },
    {
      "id": "dd922163-9751-43a3-b53a-ac1bc7cea7f1",
      "name": "Get many attachments",
      "type": "n8n-nodes-base.trelloTool",
      "position": [
        -140,
        140
      ],
      "parameters": {},
      "typeVersion": 1
    },
    {
      "id": "2a8b595a-0020-40ec-86bd-f58ada91e33d",
      "name": "Sticky Note 1",
      "type": "n8n-nodes-base.stickyNote",
      "position": [
        -1000,
        120
      ],
      "parameters": {
        "content": ""
      },
      "typeVersion": 1
    },
    {
      "id": "2e2b4466-6972-4192-aed5-8621e32affcf",
      "name": "Create a board",
      "type": "n8n-nodes-base.trelloTool",
      "position": [
        -800,
        380
      ],
      "parameters": {},
      "typeVersion": 1
    },
    {
      "id": "f10a0b76-4b18-433c-b848-d6f998098746",
      "name": "Delete a board",
      "type": "n8n-nodes-base.trelloTool",
      "position": [
        -580,
        380
      ],
      "parameters": {},
      "typeVersion": 1
    },
    {
      "id": "c1683aa9-24c3-40b2-a1a4-308a708b1fd2",
      "name": "Get a board",
      "type": "n8n-nodes-base.trelloTool",
      "position": [
        -360,
        380
      ],
      "parameters": {},
      "typeVersion": 1
    },
    {
      "id": "057ab75b-90be-4f71-a540-dabc0d3215b9",
      "name": "Update a board",
      "type": "n8n-nodes-base.trelloTool",
      "position": [
        -140,
        380
      ],
      "parameters": {},
      "typeVersion": 1
    },
    {
      "id": "a74b61d6-8110-4d53-bb98-cc1a6b50d94b",
      "name": "Sticky Note 2",
      "type": "n8n-nodes-base.stickyNote",
      "position": [
        -1000,
        360
      ],
      "parameters": {
        "content": ""
      },
      "typeVersion": 1
    },
    {
      "id": "231085c7-4e48-4a68-bb5e-86a782e38f41",
      "name": "Add a board member",
      "type": "n8n-nodes-base.trelloTool",
      "position": [
        -800,
        620
      ],
      "parameters": {},
      "typeVersion": 1
    },
    {
      "id": "62d1ef67-855b-480e-adf5-cb410cea1926",
      "name": "Get many board members",
      "type": "n8n-nodes-base.trelloTool",
      "position": [
        -580,
        620
      ],
      "parameters": {},
      "typeVersion": 1
    },
    {
      "id": "46ade664-2685-476c-96f2-7f07a8f67a5b",
      "name": "Invite a board member",
      "type": "n8n-nodes-base.trelloTool",
      "position": [
        -360,
        620
      ],
      "parameters": {},
      "typeVersion": 1
    },
    {
      "id": "ab62615e-9b45-4e9e-a897-83ac53c9658f",
      "name": "Remove a board member",
      "type": "n8n-nodes-base.trelloTool",
      "position": [
        -140,
        620
      ],
      "parameters": {},
      "typeVersion": 1
    },
    {
      "id": "5d11e949-ce3b-426b-80dd-aedc92f795f1",
      "name": "Sticky Note 3",
      "type": "n8n-nodes-base.stickyNote",
      "position": [
        -1000,
        600
      ],
      "parameters": {
        "content": ""
      },
      "typeVersion": 1
    },
    {
      "id": "cd687c80-d5ff-46f3-969f-ab5a2360de59",
      "name": "Create a card",
      "type": "n8n-nodes-base.trelloTool",
      "position": [
        -800,
        860
      ],
      "parameters": {},
      "typeVersion": 1
    },
    {
      "id": "69cf4569-ae16-4fd4-8da6-cc5a2494296f",
      "name": "Delete a card",
      "type": "n8n-nodes-base.trelloTool",
      "position": [
        -580,
        860
      ],
      "parameters": {},
      "typeVersion": 1
    },
    {
      "id": "2044707b-f72f-4532-aa31-abc1e98da696",
      "name": "Get a card",
      "type": "n8n-nodes-base.trelloTool",
      "position": [
        -360,
        860
      ],
      "parameters": {},
      "typeVersion": 1
    },
    {
      "id": "62f11a23-ad5d-4536-bbd6-e964f22e5127",
      "name": "Update a card",
      "type": "n8n-nodes-base.trelloTool",
      "position": [
        -140,
        860
      ],
      "parameters": {},
      "typeVersion": 1
    },
    {
      "id": "ba6f178d-09c0-4e1c-85b5-51f6e6a93f8c",
      "name": "Sticky Note 4",
      "type": "n8n-nodes-base.stickyNote",
      "position": [
        -1000,
        840
      ],
      "parameters": {
        "content": ""
      },
      "typeVersion": 1
    },
    {
      "id": "4945a114-4f2c-48a9-ade9-6f0ca1b84e75",
      "name": "Create a card comment",
      "type": "n8n-nodes-base.trelloTool",
      "position": [
        -800,
        1100
      ],
      "parameters": {},
      "typeVersion": 1
    },
    {
      "id": "398294cc-ce0d-43e6-9ceb-4dbbfb0c4207",
      "name": "Delete a card comment",
      "type": "n8n-nodes-base.trelloTool",
      "position": [
        -580,
        1100
      ],
      "parameters": {},
      "typeVersion": 1
    },
    {
      "id": "9e8a3089-7ba3-4625-b702-d2a8710179cf",
      "name": "Update a card comment",
      "type": "n8n-nodes-base.trelloTool",
      "position": [
        -360,
        1100
      ],
      "parameters": {},
      "typeVersion": 1
    },
    {
      "id": "ad29fbd9-204d-4c5b-8d53-afd20e423268",
      "name": "Sticky Note 5",
      "type": "n8n-nodes-base.stickyNote",
      "position": [
        -1000,
        1080
      ],
      "parameters": {
        "content": ""
      },
      "typeVersion": 1
    },
    {
      "id": "8ec25b88-8ab2-40b9-83f1-854395155eef",
      "name": "Create a checklist",
      "type": "n8n-nodes-base.trelloTool",
      "position": [
        -800,
        1340
      ],
      "parameters": {},
      "typeVersion": 1
    },
    {
      "id": "1ef143f0-7682-4590-99c0-5eea7c7a1f11",
      "name": "Create checklist item",
      "type": "n8n-nodes-base.trelloTool",
      "position": [
        -580,
        1340
      ],
      "parameters": {},
      "typeVersion": 1
    },
    {
      "id": "009f9051-0be9-4b2c-be60-34f59d583f0f",
      "name": "Delete a checklist",
      "type": "n8n-nodes-base.trelloTool",
      "position": [
        -360,
        1340
      ],
      "parameters": {},
      "typeVersion": 1
    },
    {
      "id": "4c93e349-bd52-4c2d-a8ec-48d74257f9b2",
      "name": "Delete a checklist item",
      "type": "n8n-nodes-base.trelloTool",
      "position": [
        -140,
        1340
      ],
      "parameters": {},
      "typeVersion": 1
    },
    {
      "id": "d10e7be8-5e27-48c4-a01e-7848857fce6a",
      "name": "Get a checklist",
      "type": "n8n-nodes-base.trelloTool",
      "position": [
        80,
        1340
      ],
      "parameters": {},
      "typeVersion": 1
    },
    {
      "id": "e2097ba2-128b-449d-b9e5-d979d2c7410d",
      "name": "Get checklist items",
      "type": "n8n-nodes-base.trelloTool",
      "position": [
        300,
        1340
      ],
      "parameters": {},
      "typeVersion": 1
    },
    {
      "id": "d377234a-3cb8-47ab-aef0-24f03b711e67",
      "name": "Get completed checklist items",
      "type": "n8n-nodes-base.trelloTool",
      "position": [
        520,
        1340
      ],
      "parameters": {},
      "typeVersion": 1
    },
    {
      "id": "28fe22ae-8f24-4973-b304-a8ff77293b1b",
      "name": "Get many checklists",
      "type": "n8n-nodes-base.trelloTool",
      "position": [
        740,
        1340
      ],
      "parameters": {},
      "typeVersion": 1
    },
    {
      "id": "eb0eae01-abaf-462c-a172-8c2750d13917",
      "name": "Update a checklist item",
      "type": "n8n-nodes-base.trelloTool",
      "position": [
        960,
        1340
      ],
      "parameters": {},
      "typeVersion": 1
    },
    {
      "id": "6c818bf8-c035-4776-b826-33c1fe1db06a",
      "name": "Sticky Note 6",
      "type": "n8n-nodes-base.stickyNote",
      "position": [
        -1000,
        1320
      ],
      "parameters": {
        "content": ""
      },
      "typeVersion": 1
    },
    {
      "id": "a17f2419-dbeb-43bb-b379-81a871205833",
      "name": "Add a label to a card",
      "type": "n8n-nodes-base.trelloTool",
      "position": [
        -800,
        1580
      ],
      "parameters": {},
      "typeVersion": 1
    },
    {
      "id": "787d1ab1-75c7-415f-81f0-df0836a872e7",
      "name": "Create a label",
      "type": "n8n-nodes-base.trelloTool",
      "position": [
        -580,
        1580
      ],
      "parameters": {},
      "typeVersion": 1
    },
    {
      "id": "7b3c10ba-6a99-4522-b409-437352113b5c",
      "name": "Delete a label",
      "type": "n8n-nodes-base.trelloTool",
      "position": [
        -360,
        1580
      ],
      "parameters": {},
      "typeVersion": 1
    },
    {
      "id": "6e4ddbd7-cfd2-4314-8ac1-3694634fd6c2",
      "name": "Get a label",
      "type": "n8n-nodes-base.trelloTool",
      "position": [
        -140,
        1580
      ],
      "parameters": {},
      "typeVersion": 1
    },
    {
      "id": "f4f63d82-3b5c-4828-8d13-5ae00b49c422",
      "name": "Get many labels",
      "type": "n8n-nodes-base.trelloTool",
      "position": [
        80,
        1580
      ],
      "parameters": {},
      "typeVersion": 1
    },
    {
      "id": "d2a46ba5-effe-41dd-8183-bf0cec00a5cf",
      "name": "Remove a label from a card",
      "type": "n8n-nodes-base.trelloTool",
      "position": [
        300,
        1580
      ],
      "parameters": {},
      "typeVersion": 1
    },
    {
      "id": "e4740572-2020-4abb-8468-f9364cf87f53",
      "name": "Update a label",
      "type": "n8n-nodes-base.trelloTool",
      "position": [
        520,
        1580
      ],
      "parameters": {},
      "typeVersion": 1
    },
    {
      "id": "2873864c-6183-42a9-a0d3-0aeba3e0f135",
      "name": "Sticky Note 7",
      "type": "n8n-nodes-base.stickyNote",
      "position": [
        -1000,
        1560
      ],
      "parameters": {
        "content": ""
      },
      "typeVersion": 1
    },
    {
      "id": "0034820f-a5a6-45f1-8fcd-7001c030014b",
      "name": "Archive/unarchive a list",
      "type": "n8n-nodes-base.trelloTool",
      "position": [
        -800,
        1820
      ],
      "parameters": {},
      "typeVersion": 1
    },
    {
      "id": "389b27d2-daa4-44c9-85b0-42c1b193057c",
      "name": "Create a list",
      "type": "n8n-nodes-base.trelloTool",
      "position": [
        -580,
        1820
      ],
      "parameters": {},
      "typeVersion": 1
    },
    {
      "id": "ecdc4cea-3fe8-453f-ad01-f319b6261b4b",
      "name": "Get a list",
      "type": "n8n-nodes-base.trelloTool",
      "position": [
        -360,
        1820
      ],
      "parameters": {},
      "typeVersion": 1
    },
    {
      "id": "01841e4e-ac06-41d5-a8b8-cfc1f083542b",
      "name": "Get all cards in a list",
      "type": "n8n-nodes-base.trelloTool",
      "position": [
        -140,
        1820
      ],
      "parameters": {},
      "typeVersion": 1
    },
    {
      "id": "7b35202a-8af0-4809-b845-b53b2e843e41",
      "name": "Get many lists",
      "type": "n8n-nodes-base.trelloTool",
      "position": [
        80,
        1820
      ],
      "parameters": {},
      "typeVersion": 1
    },
    {
      "id": "eae865f2-c7d8-403d-aa3b-9fec5344edd7",
      "name": "Update a list",
      "type": "n8n-nodes-base.trelloTool",
      "position": [
        300,
        1820
      ],
      "parameters": {},
      "typeVersion": 1
    },
    {
      "id": "43795d21-2620-418c-9d9c-1c57462a2522",
      "name": "Sticky Note 8",
      "type": "n8n-nodes-base.stickyNote",
      "position": [
        -1000,
        1800
      ],
      "parameters": {
        "content": ""
      },
      "typeVersion": 1
    }
  ],
  "pinData": {},
  "connections": {
    "Get a card": {
      "ai_tool": [
        [
          {
            "node": "Trello Tool MCP Server",
            "type": "ai_tool",
            "index": 0
          }
        ]
      ]
    },
    "Get a list": {
      "ai_tool": [
        [
          {
            "node": "Trello Tool MCP Server",
            "type": "ai_tool",
            "index": 0
          }
        ]
      ]
    },
    "Get a board": {
      "ai_tool": [
        [
          {
            "node": "Trello Tool MCP Server",
            "type": "ai_tool",
            "index": 0
          }
        ]
      ]
    },
    "Get a label": {
      "ai_tool": [
        [
          {
            "node": "Trello Tool MCP Server",
            "type": "ai_tool",
            "index": 0
          }
        ]
      ]
    },
    "Create a card": {
      "ai_tool": [
        [
          {
            "node": "Trello Tool MCP Server",
            "type": "ai_tool",
            "index": 0
          }
        ]
      ]
    },
    "Create a list": {
      "ai_tool": [
        [
          {
            "node": "Trello Tool MCP Server",
            "type": "ai_tool",
            "index": 0
          }
        ]
      ]
    },
    "Delete a card": {
      "ai_tool": [
        [
          {
            "node": "Trello Tool MCP Server",
            "type": "ai_tool",
            "index": 0
          }
        ]
      ]
    },
    "Update a card": {
      "ai_tool": [
        [
          {
            "node": "Trello Tool MCP Server",
            "type": "ai_tool",
            "index": 0
          }
        ]
      ]
    },
    "Update a list": {
      "ai_tool": [
        [
          {
            "node": "Trello Tool MCP Server",
            "type": "ai_tool",
            "index": 0
          }
        ]
      ]
    },
    "Create a board": {
      "ai_tool": [
        [
          {
            "node": "Trello Tool MCP Server",
            "type": "ai_tool",
            "index": 0
          }
        ]
      ]
    },
    "Create a label": {
      "ai_tool": [
        [
          {
            "node": "Trello Tool MCP Server",
            "type": "ai_tool",
            "index": 0
          }
        ]
      ]
    },
    "Delete a board": {
      "ai_tool": [
        [
          {
            "node": "Trello Tool MCP Server",
            "type": "ai_tool",
            "index": 0
          }
        ]
      ]
    },
    "Delete a label": {
      "ai_tool": [
        [
          {
            "node": "Trello Tool MCP Server",
            "type": "ai_tool",
            "index": 0
          }
        ]
      ]
    },
    "Get many lists": {
      "ai_tool": [
        [
          {
            "node": "Trello Tool MCP Server",
            "type": "ai_tool",
            "index": 0
          }
        ]
      ]
    },
    "Update a board": {
      "ai_tool": [
        [
          {
            "node": "Trello Tool MCP Server",
            "type": "ai_tool",
            "index": 0
          }
        ]
      ]
    },
    "Update a label": {
      "ai_tool": [
        [
          {
            "node": "Trello Tool MCP Server",
            "type": "ai_tool",
            "index": 0
          }
        ]
      ]
    },
    "Get a checklist": {
      "ai_tool": [
        [
          {
            "node": "Trello Tool MCP Server",
            "type": "ai_tool",
            "index": 0
          }
        ]
      ]
    },
    "Get many labels": {
      "ai_tool": [
        [
          {
            "node": "Trello Tool MCP Server",
            "type": "ai_tool",
            "index": 0
          }
        ]
      ]
    },
    "Get an attachment": {
      "ai_tool": [
        [
          {
            "node": "Trello Tool MCP Server",
            "type": "ai_tool",
            "index": 0
          }
        ]
      ]
    },
    "Add a board member": {
      "ai_tool": [
        [
          {
            "node": "Trello Tool MCP Server",
            "type": "ai_tool",
            "index": 0
          }
        ]
      ]
    },
    "Create a checklist": {
      "ai_tool": [
        [
          {
            "node": "Trello Tool MCP Server",
            "type": "ai_tool",
            "index": 0
          }
        ]
      ]
    },
    "Delete a checklist": {
      "ai_tool": [
        [
          {
            "node": "Trello Tool MCP Server",
            "type": "ai_tool",
            "index": 0
          }
        ]
      ]
    },
    "Get checklist items": {
      "ai_tool": [
        [
          {
            "node": "Trello Tool MCP Server",
            "type": "ai_tool",
            "index": 0
          }
        ]
      ]
    },
    "Get many checklists": {
      "ai_tool": [
        [
          {
            "node": "Trello Tool MCP Server",
            "type": "ai_tool",
            "index": 0
          }
        ]
      ]
    },
    "Create an attachment": {
      "ai_tool": [
        [
          {
            "node": "Trello Tool MCP Server",
            "type": "ai_tool",
            "index": 0
          }
        ]
      ]
    },
    "Delete an attachment": {
      "ai_tool": [
        [
          {
            "node": "Trello Tool MCP Server",
            "type": "ai_tool",
            "index": 0
          }
        ]
      ]
    },
    "Get many attachments": {
      "ai_tool": [
        [
          {
            "node": "Trello Tool MCP Server",
            "type": "ai_tool",
            "index": 0
          }
        ]
      ]
    },
    "Add a label to a card": {
      "ai_tool": [
        [
          {
            "node": "Trello Tool MCP Server",
            "type": "ai_tool",
            "index": 0
          }
        ]
      ]
    },
    "Create a card comment": {
      "ai_tool": [
        [
          {
            "node": "Trello Tool MCP Server",
            "type": "ai_tool",
            "index": 0
          }
        ]
      ]
    },
    "Create checklist item": {
      "ai_tool": [
        [
          {
            "node": "Trello Tool MCP Server",
            "type": "ai_tool",
            "index": 0
          }
        ]
      ]
    },
    "Delete a card comment": {
      "ai_tool": [
        [
          {
            "node": "Trello Tool MCP Server",
            "type": "ai_tool",
            "index": 0
          }
        ]
      ]
    },
    "Invite a board member": {
      "ai_tool": [
        [
          {
            "node": "Trello Tool MCP Server",
            "type": "ai_tool",
            "index": 0
          }
        ]
      ]
    },
    "Remove a board member": {
      "ai_tool": [
        [
          {
            "node": "Trello Tool MCP Server",
            "type": "ai_tool",
            "index": 0
          }
        ]
      ]
    },
    "Update a card comment": {
      "ai_tool": [
        [
          {
            "node": "Trello Tool MCP Server",
            "type": "ai_tool",
            "index": 0
          }
        ]
      ]
    },
    "Get many board members": {
      "ai_tool": [
        [
          {
            "node": "Trello Tool MCP Server",
            "type": "ai_tool",
            "index": 0
          }
        ]
      ]
    },
    "Delete a checklist item": {
      "ai_tool": [
        [
          {
            "node": "Trello Tool MCP Server",
            "type": "ai_tool",
            "index": 0
          }
        ]
      ]
    },
    "Get all cards in a list": {
      "ai_tool": [
        [
          {
            "node": "Trello Tool MCP Server",
            "type": "ai_tool",
            "index": 0
          }
        ]
      ]
    },
    "Update a checklist item": {
      "ai_tool": [
        [
          {
            "node": "Trello Tool MCP Server",
            "type": "ai_tool",
            "index": 0
          }
        ]
      ]
    },
    "Archive/unarchive a list": {
      "ai_tool": [
        [
          {
            "node": "Trello Tool MCP Server",
            "type": "ai_tool",
            "index": 0
          }
        ]
      ]
    },
    "Remove a label from a card": {
      "ai_tool": [
        [
          {
            "node": "Trello Tool MCP Server",
            "type": "ai_tool",
            "index": 0
          }
        ]
      ]
    },
    "Get completed checklist items": {
      "ai_tool": [
        [
          {
            "node": "Trello Tool MCP Server",
            "type": "ai_tool",
            "index": 0
          }
        ]
      ]
    }
  }
}