{
  "meta": {
    "instanceId": "cd59eaaeb7b34d06e24511380db94cdb7fbce6037cc4de22e539c5158ab9cdfc"
  },
  "nodes": [
    {
      "id": "2227db87-48dd-4120-84ca-35363c7b8d72",
      "name": "Workflow Overview 0",
      "type": "n8n-nodes-base.stickyNote",
      "position": [
        -1460,
        100
      ],
      "parameters": {
        "content": ""
      },
      "typeVersion": 1
    },
    {
      "id": "35e6ee61-5ace-4a50-9e40-e8d9f98111ad",
      "name": "Twist Tool MCP Server",
      "type": "@n8n/n8n-nodes-langchain.mcpTrigger",
      "position": [
        -420,
        -100
      ],
      "webhookId": "40d6126b-5994-401d-8ce7-32e46c57ce19",
      "parameters": {},
      "typeVersion": 1
    },
    {
      "id": "4f21e931-3ade-4cf2-a0be-e047b48afedc",
      "name": "Archive a channel",
      "type": "n8n-nodes-base.twistTool",
      "position": [
        -800,
        140
      ],
      "parameters": {},
      "typeVersion": 1
    },
    {
      "id": "ae6e4d88-7397-4813-a12e-a5ddad2a7863",
      "name": "Create a channel",
      "type": "n8n-nodes-base.twistTool",
      "position": [
        -580,
        140
      ],
      "parameters": {},
      "typeVersion": 1
    },
    {
      "id": "fe5be0cd-dadf-4d7b-bac1-d0fcc62d3594",
      "name": "Delete a channel",
      "type": "n8n-nodes-base.twistTool",
      "position": [
        -360,
        140
      ],
      "parameters": {},
      "typeVersion": 1
    },
    {
      "id": "f59ce849-7bc7-43eb-afa0-79a774f65257",
      "name": "Get a channel",
      "type": "n8n-nodes-base.twistTool",
      "position": [
        -140,
        140
      ],
      "parameters": {},
      "typeVersion": 1
    },
    {
      "id": "e219ee1e-281e-4e73-b9fe-f772decb1c38",
      "name": "Get many channels",
      "type": "n8n-nodes-base.twistTool",
      "position": [
        80,
        140
      ],
      "parameters": {},
      "typeVersion": 1
    },
    {
      "id": "4d8096d6-489a-478d-86a7-4c8f926f6649",
      "name": "Unarchive a channel",
      "type": "n8n-nodes-base.twistTool",
      "position": [
        300,
        140
      ],
      "parameters": {},
      "typeVersion": 1
    },
    {
      "id": "201d0687-64d9-4eaa-a82f-2e067926b7c1",
      "name": "Update a channel",
      "type": "n8n-nodes-base.twistTool",
      "position": [
        520,
        140
      ],
      "parameters": {},
      "typeVersion": 1
    },
    {
      "id": "38293525-9263-4718-9c04-47d7abd81737",
      "name": "Sticky Note 1",
      "type": "n8n-nodes-base.stickyNote",
      "position": [
        -1000,
        120
      ],
      "parameters": {
        "content": ""
      },
      "typeVersion": 1
    },
    {
      "id": "f0e53ff3-f8b0-4b05-bb1e-fe0e1ec2b89a",
      "name": "Create a comment",
      "type": "n8n-nodes-base.twistTool",
      "position": [
        -800,
        380
      ],
      "parameters": {},
      "typeVersion": 1
    },
    {
      "id": "c6d7dcba-ee6a-420f-9d3a-f16f68d97107",
      "name": "Delete a comment",
      "type": "n8n-nodes-base.twistTool",
      "position": [
        -580,
        380
      ],
      "parameters": {},
      "typeVersion": 1
    },
    {
      "id": "7561a75d-aad4-4b9e-a879-485a831058e8",
      "name": "Get a comment",
      "type": "n8n-nodes-base.twistTool",
      "position": [
        -360,
        380
      ],
      "parameters": {},
      "typeVersion": 1
    },
    {
      "id": "4e2765b8-4e7f-44fd-b1bd-e8eb8c1cc429",
      "name": "Get many comments",
      "type": "n8n-nodes-base.twistTool",
      "position": [
        -140,
        380
      ],
      "parameters": {},
      "typeVersion": 1
    },
    {
      "id": "716aec4a-41b6-43f8-bfd7-6d6b07814162",
      "name": "Update a comment",
      "type": "n8n-nodes-base.twistTool",
      "position": [
        80,
        380
      ],
      "parameters": {},
      "typeVersion": 1
    },
    {
      "id": "b77a7aeb-a5e4-4ae9-9011-391d99311042",
      "name": "Sticky Note 2",
      "type": "n8n-nodes-base.stickyNote",
      "position": [
        -1000,
        360
      ],
      "parameters": {
        "content": ""
      },
      "typeVersion": 1
    },
    {
      "id": "b94fd323-55b4-413b-8a26-2382153f7543",
      "name": "Create a message",
      "type": "n8n-nodes-base.twistTool",
      "position": [
        -800,
        620
      ],
      "parameters": {},
      "typeVersion": 1
    },
    {
      "id": "7d47a2aa-b211-4868-a90f-3e03723a3368",
      "name": "Delete a message",
      "type": "n8n-nodes-base.twistTool",
      "position": [
        -580,
        620
      ],
      "parameters": {},
      "typeVersion": 1
    },
    {
      "id": "5da77b41-f369-4afa-8130-85639321ec89",
      "name": "Get a message",
      "type": "n8n-nodes-base.twistTool",
      "position": [
        -360,
        620
      ],
      "parameters": {},
      "typeVersion": 1
    },
    {
      "id": "256e3a67-3a32-40cb-8362-0e0b2e4e0d71",
      "name": "Get many messages",
      "type": "n8n-nodes-base.twistTool",
      "position": [
        -140,
        620
      ],
      "parameters": {},
      "typeVersion": 1
    },
    {
      "id": "87db8b56-832b-423e-8d13-0a7f23bc1235",
      "name": "Update a message",
      "type": "n8n-nodes-base.twistTool",
      "position": [
        80,
        620
      ],
      "parameters": {},
      "typeVersion": 1
    },
    {
      "id": "b87ca3e5-ad49-48f8-8ad7-7fca5cf46160",
      "name": "Sticky Note 3",
      "type": "n8n-nodes-base.stickyNote",
      "position": [
        -1000,
        600
      ],
      "parameters": {
        "content": ""
      },
      "typeVersion": 1
    },
    {
      "id": "7c580b25-8c42-4f72-a6ce-c3f2c6cfb0c5",
      "name": "Create a thread",
      "type": "n8n-nodes-base.twistTool",
      "position": [
        -800,
        860
      ],
      "parameters": {},
      "typeVersion": 1
    },
    {
      "id": "fa06c16c-c56c-4b59-ae94-8b055ecaca9b",
      "name": "Delete a thread",
      "type": "n8n-nodes-base.twistTool",
      "position": [
        -580,
        860
      ],
      "parameters": {},
      "typeVersion": 1
    },
    {
      "id": "52868c47-2c56-4545-972a-768b30bd8ea2",
      "name": "Get a thread",
      "type": "n8n-nodes-base.twistTool",
      "position": [
        -360,
        860
      ],
      "parameters": {},
      "typeVersion": 1
    },
    {
      "id": "a0206b89-b514-4580-98d1-9813eaed498d",
      "name": "Get many threads",
      "type": "n8n-nodes-base.twistTool",
      "position": [
        -140,
        860
      ],
      "parameters": {},
      "typeVersion": 1
    },
    {
      "id": "229adce6-aa0e-47e5-9539-08fb6ba79f41",
      "name": "Update a thread",
      "type": "n8n-nodes-base.twistTool",
      "position": [
        80,
        860
      ],
      "parameters": {},
      "typeVersion": 1
    },
    {
      "id": "ed2bf77a-3510-4eb4-a556-88706e0af197",
      "name": "Sticky Note 4",
      "type": "n8n-nodes-base.stickyNote",
      "position": [
        -1000,
        840
      ],
      "parameters": {
        "content": ""
      },
      "typeVersion": 1
    }
  ],
  "pinData": {},
  "connections": {
    "Get a thread": {
      "ai_tool": [
        [
          {
            "node": "Twist Tool MCP Server",
            "type": "ai_tool",
            "index": 0
          }
        ]
      ]
    },
    "Get a channel": {
      "ai_tool": [
        [
          {
            "node": "Twist Tool MCP Server",
            "type": "ai_tool",
            "index": 0
          }
        ]
      ]
    },
    "Get a comment": {
      "ai_tool": [
        [
          {
            "node": "Twist Tool MCP Server",
            "type": "ai_tool",
            "index": 0
          }
        ]
      ]
    },
    "Get a message": {
      "ai_tool": [
        [
          {
            "node": "Twist Tool MCP Server",
            "type": "ai_tool",
            "index": 0
          }
        ]
      ]
    },
    "Create a thread": {
      "ai_tool": [
        [
          {
            "node": "Twist Tool MCP Server",
            "type": "ai_tool",
            "index": 0
          }
        ]
      ]
    },
    "Delete a thread": {
      "ai_tool": [
        [
          {
            "node": "Twist Tool MCP Server",
            "type": "ai_tool",
            "index": 0
          }
        ]
      ]
    },
    "Update a thread": {
      "ai_tool": [
        [
          {
            "node": "Twist Tool MCP Server",
            "type": "ai_tool",
            "index": 0
          }
        ]
      ]
    },
    "Create a channel": {
      "ai_tool": [
        [
          {
            "node": "Twist Tool MCP Server",
            "type": "ai_tool",
            "index": 0
          }
        ]
      ]
    },
    "Create a comment": {
      "ai_tool": [
        [
          {
            "node": "Twist Tool MCP Server",
            "type": "ai_tool",
            "index": 0
          }
        ]
      ]
    },
    "Create a message": {
      "ai_tool": [
        [
          {
            "node": "Twist Tool MCP Server",
            "type": "ai_tool",
            "index": 0
          }
        ]
      ]
    },
    "Delete a channel": {
      "ai_tool": [
        [
          {
            "node": "Twist Tool MCP Server",
            "type": "ai_tool",
            "index": 0
          }
        ]
      ]
    },
    "Delete a comment": {
      "ai_tool": [
        [
          {
            "node": "Twist Tool MCP Server",
            "type": "ai_tool",
            "index": 0
          }
        ]
      ]
    },
    "Delete a message": {
      "ai_tool": [
        [
          {
            "node": "Twist Tool MCP Server",
            "type": "ai_tool",
            "index": 0
          }
        ]
      ]
    },
    "Get many threads": {
      "ai_tool": [
        [
          {
            "node": "Twist Tool MCP Server",
            "type": "ai_tool",
            "index": 0
          }
        ]
      ]
    },
    "Update a channel": {
      "ai_tool": [
        [
          {
            "node": "Twist Tool MCP Server",
            "type": "ai_tool",
            "index": 0
          }
        ]
      ]
    },
    "Update a comment": {
      "ai_tool": [
        [
          {
            "node": "Twist Tool MCP Server",
            "type": "ai_tool",
            "index": 0
          }
        ]
      ]
    },
    "Update a message": {
      "ai_tool": [
        [
          {
            "node": "Twist Tool MCP Server",
            "type": "ai_tool",
            "index": 0
          }
        ]
      ]
    },
    "Archive a channel": {
      "ai_tool": [
        [
          {
            "node": "Twist Tool MCP Server",
            "type": "ai_tool",
            "index": 0
          }
        ]
      ]
    },
    "Get many channels": {
      "ai_tool": [
        [
          {
            "node": "Twist Tool MCP Server",
            "type": "ai_tool",
            "index": 0
          }
        ]
      ]
    },
    "Get many comments": {
      "ai_tool": [
        [
          {
            "node": "Twist Tool MCP Server",
            "type": "ai_tool",
            "index": 0
          }
        ]
      ]
    },
    "Get many messages": {
      "ai_tool": [
        [
          {
            "node": "Twist Tool MCP Server",
            "type": "ai_tool",
            "index": 0
          }
        ]
      ]
    },
    "Unarchive a channel": {
      "ai_tool": [
        [
          {
            "node": "Twist Tool MCP Server",
            "type": "ai_tool",
            "index": 0
          }
        ]
      ]
    }
  }
}