{
  "meta": {
    "instanceId": "cd59eaaeb7b34d06e24511380db94cdb7fbce6037cc4de22e539c5158ab9cdfc"
  },
  "nodes": [
    {
      "id": "text-to-speech",
      "name": "Text to Speech",
      "type": "n8n-nodes-base.httpRequestTool",
      "position": [
        920,
        -20
      ],
      "parameters": {},
      "typeVersion": 4.2
    },
    {
      "id": "text-to-speech-with-timestamps",
      "name": "Text to Speech with Timestamps",
      "type": "n8n-nodes-base.httpRequestTool",
      "position": [
        980,
        140
      ],
      "parameters": {},
      "typeVersion": 4.2
    },
    {
      "id": "stream-text-to-speech",
      "name": "Stream Text to Speech",
      "type": "n8n-nodes-base.httpRequestTool",
      "position": [
        1020,
        360
      ],
      "parameters": {},
      "typeVersion": 4.2
    },
    {
      "id": "stream-text-to-speech-with-timestamps",
      "name": "Stream Text to Speech with Timestamps",
      "type": "n8n-nodes-base.httpRequestTool",
      "position": [
        820,
        340
      ],
      "parameters": {},
      "typeVersion": 4.2
    },
    {
      "id": "create-transcript",
      "name": "Create Transcript",
      "type": "n8n-nodes-base.httpRequestTool",
      "position": [
        540,
        -20
      ],
      "parameters": {},
      "typeVersion": 4.2
    },
    {
      "id": "voice-changer",
      "name": "Voice Changer",
      "type": "n8n-nodes-base.httpRequestTool",
      "position": [
        1200,
        120
      ],
      "parameters": {},
      "typeVersion": 4.2
    },
    {
      "id": "create-sound-effect",
      "name": "Create Sound Effect",
      "type": "n8n-nodes-base.httpRequestTool",
      "position": [
        520,
        140
      ],
      "parameters": {},
      "typeVersion": 4.2
    },
    {
      "id": "audio-isolation",
      "name": "Audio Isolation",
      "type": "n8n-nodes-base.httpRequestTool",
      "position": [
        1360,
        200
      ],
      "parameters": {},
      "typeVersion": 4.2
    },
    {
      "id": "voice-design",
      "name": "Voice Design",
      "type": "n8n-nodes-base.httpRequestTool",
      "position": [
        120,
        -220
      ],
      "parameters": {},
      "typeVersion": 4.2
    },
    {
      "id": "save-voice-preview",
      "name": "Save Voice Preview",
      "type": "n8n-nodes-base.httpRequestTool",
      "position": [
        300,
        -220
      ],
      "parameters": {},
      "typeVersion": 4.2
    },
    {
      "id": "list-voices",
      "name": "List Voices",
      "type": "n8n-nodes-base.httpRequestTool",
      "position": [
        1280,
        -260
      ],
      "parameters": {},
      "typeVersion": 4.2
    },
    {
      "id": "get-voice",
      "name": "Get Voice",
      "type": "n8n-nodes-base.httpRequestTool",
      "position": [
        1440,
        -260
      ],
      "parameters": {},
      "typeVersion": 4.2
    },
    {
      "id": "delete-voice",
      "name": "Delete Voice",
      "type": "n8n-nodes-base.httpRequestTool",
      "position": [
        300,
        -40
      ],
      "parameters": {},
      "typeVersion": 4.2
    },
    {
      "id": "edit-voice",
      "name": "Edit Voice",
      "type": "n8n-nodes-base.httpRequestTool",
      "position": [
        120,
        -40
      ],
      "parameters": {},
      "typeVersion": 4.2
    },
    {
      "id": "list-similar-voices",
      "name": "List Similar Voices",
      "type": "n8n-nodes-base.httpRequestTool",
      "position": [
        1380,
        -120
      ],
      "parameters": {},
      "typeVersion": 4.2
    },
    {
      "id": "da2c02c3-6417-46fe-a17c-ab1a6b378d1f",
      "name": "Sticky Note",
      "type": "n8n-nodes-base.stickyNote",
      "position": [
        820,
        -80
      ],
      "parameters": {
        "content": ""
      },
      "typeVersion": 1
    },
    {
      "id": "7bd1688c-8046-4102-8be4-047543384489",
      "name": "Sticky Note1",
      "type": "n8n-nodes-base.stickyNote",
      "position": [
        800,
        320
      ],
      "parameters": {
        "content": ""
      },
      "typeVersion": 1
    },
    {
      "id": "9092d868-6fa5-454b-bfd2-04f97753004c",
      "name": "Sticky Note2",
      "type": "n8n-nodes-base.stickyNote",
      "position": [
        1120,
        80
      ],
      "parameters": {
        "content": ""
      },
      "typeVersion": 1
    },
    {
      "id": "2fd902e5-f3d0-401d-ae47-ff1abce964c6",
      "name": "Sticky Note3",
      "type": "n8n-nodes-base.stickyNote",
      "position": [
        60,
        -280
      ],
      "parameters": {
        "content": ""
      },
      "typeVersion": 1
    },
    {
      "id": "898601d4-e685-4d7f-9b6c-2e56fd0a8e8c",
      "name": "Sticky Note4",
      "type": "n8n-nodes-base.stickyNote",
      "position": [
        440,
        -60
      ],
      "parameters": {
        "content": ""
      },
      "typeVersion": 1
    },
    {
      "id": "f9909e0c-07aa-4877-b98b-90724a124d49",
      "name": "Sticky Note5",
      "type": "n8n-nodes-base.stickyNote",
      "position": [
        1220,
        -340
      ],
      "parameters": {
        "content": ""
      },
      "typeVersion": 1
    },
    {
      "id": "d6813f92-5722-4d97-bb9e-0c573ba32202",
      "name": "Sticky Note6",
      "type": "n8n-nodes-base.stickyNote",
      "position": [
        920,
        140
      ],
      "parameters": {
        "content": ""
      },
      "typeVersion": 1
    },
    {
      "id": "mcp-trigger",
      "name": "Elevenlabs API MCP Server",
      "type": "@n8n/n8n-nodes-langchain.mcpTrigger",
      "position": [
        752,
        -240
      ],
      "webhookId": "1ee78466-25ce-4645-ad7b-0de19ddbbb99",
      "parameters": {},
      "typeVersion": 1
    },
    {
      "id": "f34f0616-7234-49ff-a23e-8980610d7bc3",
      "name": "Sticky Note7",
      "type": "n8n-nodes-base.stickyNote",
      "position": [
        540,
        -400
      ],
      "parameters": {
        "content": ""
      },
      "typeVersion": 1
    }
  ],
  "pinData": {},
  "connections": {
    "Get Voice": {
      "ai_tool": [
        [
          {
            "node": "Elevenlabs API MCP Server",
            "type": "ai_tool",
            "index": 0
          }
        ]
      ]
    },
    "Edit Voice": {
      "ai_tool": [
        [
          {
            "node": "Elevenlabs API MCP Server",
            "type": "ai_tool",
            "index": 0
          }
        ]
      ]
    },
    "List Voices": {
      "ai_tool": [
        [
          {
            "node": "Elevenlabs API MCP Server",
            "type": "ai_tool",
            "index": 0
          }
        ]
      ]
    },
    "Delete Voice": {
      "ai_tool": [
        [
          {
            "node": "Elevenlabs API MCP Server",
            "type": "ai_tool",
            "index": 0
          }
        ]
      ]
    },
    "Voice Design": {
      "ai_tool": [
        [
          {
            "node": "Elevenlabs API MCP Server",
            "type": "ai_tool",
            "index": 0
          }
        ]
      ]
    },
    "Voice Changer": {
      "ai_tool": [
        [
          {
            "node": "Elevenlabs API MCP Server",
            "type": "ai_tool",
            "index": 0
          }
        ]
      ]
    },
    "Text to Speech": {
      "ai_tool": [
        [
          {
            "node": "Elevenlabs API MCP Server",
            "type": "ai_tool",
            "index": 0
          }
        ]
      ]
    },
    "Audio Isolation": {
      "ai_tool": [
        [
          {
            "node": "Elevenlabs API MCP Server",
            "type": "ai_tool",
            "index": 0
          }
        ]
      ]
    },
    "Create Transcript": {
      "ai_tool": [
        [
          {
            "node": "Elevenlabs API MCP Server",
            "type": "ai_tool",
            "index": 0
          }
        ]
      ]
    },
    "Save Voice Preview": {
      "ai_tool": [
        [
          {
            "node": "Elevenlabs API MCP Server",
            "type": "ai_tool",
            "index": 0
          }
        ]
      ]
    },
    "Create Sound Effect": {
      "ai_tool": [
        [
          {
            "node": "Elevenlabs API MCP Server",
            "type": "ai_tool",
            "index": 0
          }
        ]
      ]
    },
    "List Similar Voices": {
      "ai_tool": [
        [
          {
            "node": "Elevenlabs API MCP Server",
            "type": "ai_tool",
            "index": 0
          }
        ]
      ]
    },
    "Stream Text to Speech": {
      "ai_tool": [
        [
          {
            "node": "Elevenlabs API MCP Server",
            "type": "ai_tool",
            "index": 0
          }
        ]
      ]
    },
    "Elevenlabs API MCP Server": {
      "ai_tool": [
        []
      ]
    },
    "Text to Speech with Timestamps": {
      "ai_tool": [
        [
          {
            "node": "Elevenlabs API MCP Server",
            "type": "ai_tool",
            "index": 0
          }
        ]
      ]
    },
    "Stream Text to Speech with Timestamps": {
      "ai_tool": [
        [
          {
            "node": "Elevenlabs API MCP Server",
            "type": "ai_tool",
            "index": 0
          }
        ]
      ]
    }
  }
}