{
  "id": "YEuoA3Cq84m057vt",
  "meta": {
    "instanceId": "2000c64071c20843606b95c63795bb0797c41036047055a6586498e855b96efc"
  },
  "name": "ELEVEN LABS WITH MULTI AGENTS",
  "tags": [],
  "nodes": [
    {
      "id": "130f11d3-e09a-4913-84e4-eaa0dd2964f0",
      "name": "Webhook",
      "type": "n8n-nodes-base.webhook",
      "position": [
        -1820,
        440
      ],
      "webhookId": "042cc868-28b7-42a2-ab65-bc2944fc5a54",
      "parameters": {},
      "typeVersion": 2
    },
    {
      "id": "7d672479-775a-4322-ac6d-dd19002a7fab",
      "name": "Sticky Note8",
      "type": "n8n-nodes-base.stickyNote",
      "position": [
        -3020,
        -520
      ],
      "parameters": {
        "content": ""
      },
      "typeVersion": 1
    },
    {
      "id": "d21ab3c4-cdbe-4622-910e-0b12d1409485",
      "name": "ElevenLabs Setup",
      "type": "n8n-nodes-base.stickyNote",
      "position": [
        -3020,
        1040
      ],
      "parameters": {
        "content": ""
      },
      "typeVersion": 1
    },
    {
      "id": "25af0cf7-9623-4d8c-82ff-d319728b4a40",
      "name": "Create Image",
      "type": "@n8n/n8n-nodes-langchain.toolWorkflow",
      "position": [
        -1180,
        740
      ],
      "parameters": {},
      "typeVersion": 2.1
    },
    {
      "id": "062fcb06-a6d4-46ca-b5a3-03f9f4cac6c3",
      "name": "Simple Memory",
      "type": "@n8n/n8n-nodes-langchain.memoryBufferWindow",
      "position": [
        -1460,
        760
      ],
      "parameters": {},
      "typeVersion": 1.3
    },
    {
      "id": "1bed5d7a-f88b-445d-af03-9197f3c1007a",
      "name": "Edit Image",
      "type": "@n8n/n8n-nodes-langchain.toolWorkflow",
      "position": [
        -920,
        760
      ],
      "parameters": {},
      "typeVersion": 2.1
    },
    {
      "id": "08bdced3-7113-433b-8996-a8f3b0830792",
      "name": "Search Images",
      "type": "@n8n/n8n-nodes-langchain.toolWorkflow",
      "position": [
        -1320,
        760
      ],
      "parameters": {},
      "typeVersion": 2.1
    },
    {
      "id": "5e385186-d38d-41c4-8178-aded256ec2e9",
      "name": "Blog Post",
      "type": "@n8n/n8n-nodes-langchain.toolWorkflow",
      "position": [
        -1620,
        760
      ],
      "parameters": {},
      "typeVersion": 2.1
    },
    {
      "id": "9f0dcfb9-523c-4fce-b0a9-2177e8ad305d",
      "name": "Marketing Team Agent",
      "type": "@n8n/n8n-nodes-langchain.agent",
      "position": [
        -1560,
        440
      ],
      "parameters": {},
      "typeVersion": 1.9
    },
    {
      "id": "762f673c-54aa-41e9-9414-e8331cb139c8",
      "name": "Think",
      "type": "@n8n/n8n-nodes-langchain.toolThink",
      "position": [
        -1080,
        740
      ],
      "parameters": {},
      "typeVersion": 1
    },
    {
      "id": "b643093a-cbcf-4ebd-b628-08421735c70f",
      "name": "OpenAI Chat Model",
      "type": "@n8n/n8n-nodes-langchain.lmChatOpenAi",
      "position": [
        -1760,
        740
      ],
      "parameters": {},
      "typeVersion": 1.2
    },
    {
      "id": "6d5de957-96ee-48de-8bd2-25e27ef6d0ed",
      "name": "Respond to Webhook",
      "type": "n8n-nodes-base.respondToWebhook",
      "position": [
        -1120,
        440
      ],
      "parameters": {},
      "typeVersion": 1.4
    },
    {
      "id": "16c4ef2c-a1aa-40cd-aa66-482e9495a097",
      "name": "Convert to File",
      "type": "n8n-nodes-base.convertToFile",
      "position": [
        1356,
        960
      ],
      "parameters": {},
      "typeVersion": 1.1
    },
    {
      "id": "37fc4987-50d4-4b61-a6ef-0388ea35692f",
      "name": "Generate Image",
      "type": "n8n-nodes-base.httpRequest",
      "position": [
        1136,
        960
      ],
      "parameters": {},
      "typeVersion": 4.2
    },
    {
      "id": "3a5b7abd-a55e-428c-b86c-5e13a7d5071c",
      "name": "Image Prompt",
      "type": "@n8n/n8n-nodes-langchain.agent",
      "position": [
        760,
        960
      ],
      "parameters": {},
      "typeVersion": 1.9
    },
    {
      "id": "a35b782f-9cea-4a22-ad54-73b61941fe4e",
      "name": "Google Drive",
      "type": "n8n-nodes-base.googleDrive",
      "position": [
        1576,
        1060
      ],
      "parameters": {},
      "typeVersion": 3
    },
    {
      "id": "0c4d9982-0962-49a6-b493-c3599d45cf37",
      "name": "Image Log",
      "type": "n8n-nodes-base.googleSheets",
      "position": [
        1796,
        1060
      ],
      "parameters": {},
      "typeVersion": 4.5
    },
    {
      "id": "2b8359bf-6efd-4e03-a4b7-03b0ad372dbe",
      "name": "Sticky Note4",
      "type": "n8n-nodes-base.stickyNote",
      "position": [
        698,
        680
      ],
      "parameters": {
        "content": ""
      },
      "typeVersion": 1
    },
    {
      "id": "8dd7a0fe-03f8-452c-af92-7fb9510ac0ea",
      "name": "Send Photo",
      "type": "n8n-nodes-base.telegram",
      "position": [
        1576,
        860
      ],
      "webhookId": "8fcbda9c-8396-41f7-8f2d-39e4ae4337c7",
      "parameters": {},
      "typeVersion": 1.2
    },
    {
      "id": "cb36b8dc-8bd7-4e82-959b-4d6909b59ae6",
      "name": "OpenAI Chat Model1",
      "type": "@n8n/n8n-nodes-langchain.lmChatOpenAi",
      "position": [
        848,
        1180
      ],
      "parameters": {},
      "typeVersion": 1.2
    },
    {
      "id": "cb748f5e-ae93-458d-8c10-a7a4037fc56f",
      "name": "When Executed by Another Workflow",
      "type": "n8n-nodes-base.executeWorkflowTrigger",
      "position": [
        80,
        1820
      ],
      "parameters": {},
      "typeVersion": 1.1
    },
    {
      "id": "d1ba7187-e428-4c32-9041-0ef1e3d213d3",
      "name": "Upload Image",
      "type": "n8n-nodes-base.googleDrive",
      "position": [
        1420,
        1520
      ],
      "parameters": {},
      "typeVersion": 3
    },
    {
      "id": "83cdd5e7-3d8d-4b64-8b98-e009e12325a9",
      "name": "Sticky Note1",
      "type": "n8n-nodes-base.stickyNote",
      "position": [
        428,
        1060
      ],
      "parameters": {
        "content": ""
      },
      "typeVersion": 1
    },
    {
      "id": "1dac3089-7593-4ae8-9ac8-d3b24f50b24d",
      "name": "Download",
      "type": "n8n-nodes-base.googleDrive",
      "position": [
        760,
        1420
      ],
      "parameters": {},
      "typeVersion": 3
    },
    {
      "id": "9e6ed86b-956d-4465-acd2-800b663ca868",
      "name": "Edit Image1",
      "type": "n8n-nodes-base.httpRequest",
      "position": [
        980,
        1420
      ],
      "parameters": {},
      "typeVersion": 4.2
    },
    {
      "id": "c49919d7-9548-4ef6-8697-180dc5471788",
      "name": "Convert to File1",
      "type": "n8n-nodes-base.convertToFile",
      "position": [
        1200,
        1420
      ],
      "parameters": {},
      "typeVersion": 1.1
    },
    {
      "id": "abbc8451-6365-4d6f-8801-e511f3cf4d1c",
      "name": "Image Log1",
      "type": "n8n-nodes-base.googleSheets",
      "position": [
        1640,
        1520
      ],
      "parameters": {},
      "typeVersion": 4.5
    },
    {
      "id": "79324f1a-272d-4de4-b415-1fdadcf5f8aa",
      "name": "Send Photo1",
      "type": "n8n-nodes-base.telegram",
      "position": [
        1420,
        1320
      ],
      "webhookId": "85dc0064-e5c5-45a9-91a5-60e5b2bc4f1e",
      "parameters": {},
      "typeVersion": 1.2
    },
    {
      "id": "2ef66da8-4df4-4d98-ae00-9e9d78c69940",
      "name": "Tavily",
      "type": "@n8n/n8n-nodes-langchain.toolHttpRequest",
      "position": [
        908,
        2000
      ],
      "parameters": {},
      "typeVersion": 1.1
    },
    {
      "id": "7c192389-5203-49c8-821d-d6b2ea18f610",
      "name": "Image Prompt Agent",
      "type": "@n8n/n8n-nodes-langchain.agent",
      "position": [
        1136,
        1780
      ],
      "parameters": {},
      "typeVersion": 1.9
    },
    {
      "id": "8d1612d2-6216-4cd7-9b05-e1e31c72dc09",
      "name": "Convert to Binary",
      "type": "n8n-nodes-base.convertToFile",
      "position": [
        1732,
        1880
      ],
      "parameters": {},
      "typeVersion": 1.1
    },
    {
      "id": "98fa6795-d31a-49e2-9440-64dc415c7ba3",
      "name": "Sticky Note",
      "type": "n8n-nodes-base.stickyNote",
      "position": [
        200,
        1460
      ],
      "parameters": {
        "content": ""
      },
      "typeVersion": 1
    },
    {
      "id": "0a61fdec-b42d-4e14-98a4-6a679773d45e",
      "name": "Sticky Note2",
      "type": "n8n-nodes-base.stickyNote",
      "position": [
        698,
        1900
      ],
      "parameters": {
        "content": ""
      },
      "typeVersion": 1
    },
    {
      "id": "070ebd2b-08ea-4020-b321-3a7d2892e7cc",
      "name": "Blog Post Agent",
      "type": "@n8n/n8n-nodes-langchain.agent",
      "position": [
        760,
        1780
      ],
      "parameters": {},
      "typeVersion": 1.9
    },
    {
      "id": "3cf78814-14ba-477d-96f9-ff2e84198778",
      "name": "Image & Title",
      "type": "@n8n/n8n-nodes-langchain.outputParserStructured",
      "position": [
        1224,
        2000
      ],
      "parameters": {},
      "typeVersion": 1.2
    },
    {
      "id": "b7790843-68e1-4e77-a537-be9cba0c8c97",
      "name": "Sticky Note3",
      "type": "n8n-nodes-base.stickyNote",
      "position": [
        1104,
        1900
      ],
      "parameters": {
        "content": ""
      },
      "typeVersion": 1
    },
    {
      "id": "7b853910-8415-4d14-8075-ad2d336f9ec8",
      "name": "Send Blog",
      "type": "n8n-nodes-base.telegram",
      "position": [
        2172,
        1780
      ],
      "webhookId": "94fa70af-f2fc-4c05-8fa1-d9f55637485f",
      "parameters": {},
      "typeVersion": 1.2
    },
    {
      "id": "0992b8b3-d481-407d-8979-e1a8719c254c",
      "name": "Upload",
      "type": "n8n-nodes-base.googleDrive",
      "position": [
        1952,
        1980
      ],
      "parameters": {},
      "typeVersion": 3
    },
    {
      "id": "97d5c498-24a3-447a-83c9-8683c1f1903a",
      "name": "Generate Image1",
      "type": "n8n-nodes-base.httpRequest",
      "position": [
        1512,
        1880
      ],
      "parameters": {},
      "typeVersion": 4.2
    },
    {
      "id": "ebe5b6c3-bfbe-4c0b-aa4b-52e6d520937d",
      "name": "Image Log2",
      "type": "n8n-nodes-base.googleSheets",
      "position": [
        2172,
        1980
      ],
      "parameters": {},
      "typeVersion": 4.5
    },
    {
      "id": "d9da5605-28b9-4b0f-b74a-65cfebdb0d17",
      "name": "Send Photo2",
      "type": "n8n-nodes-base.telegram",
      "position": [
        1952,
        1780
      ],
      "webhookId": "8fcbda9c-8396-41f7-8f2d-39e4ae4337c7",
      "parameters": {},
      "typeVersion": 1.2
    },
    {
      "id": "ba985b89-8be6-4e79-b56d-0f5688fdb9a2",
      "name": "OpenAI Chat Model2",
      "type": "@n8n/n8n-nodes-langchain.lmChatOpenAi",
      "position": [
        788,
        2000
      ],
      "parameters": {},
      "typeVersion": 1.2
    },
    {
      "id": "e17ef6b0-1151-4035-b157-c282d84bcc8e",
      "name": "Image Database",
      "type": "n8n-nodes-base.googleSheetsTool",
      "position": [
        880,
        2560
      ],
      "parameters": {},
      "typeVersion": 4.5
    },
    {
      "id": "5c383fa5-3cdf-4f83-91e4-49772496daa0",
      "name": "Image Search Agent",
      "type": "@n8n/n8n-nodes-langchain.agent",
      "position": [
        792,
        2340
      ],
      "parameters": {},
      "typeVersion": 1.9
    },
    {
      "id": "a6614f96-f944-4e19-95c7-4b31fdafcdca",
      "name": "Not Found",
      "type": "n8n-nodes-base.set",
      "position": [
        1420,
        2240
      ],
      "parameters": {},
      "typeVersion": 3.4
    },
    {
      "id": "810cfba2-c96a-4d16-8b78-847715e67b57",
      "name": "Get?",
      "type": "n8n-nodes-base.if",
      "position": [
        1420,
        2440
      ],
      "parameters": {},
      "typeVersion": 2.2
    },
    {
      "id": "3acb5f29-87e6-48b3-a30f-8d29eb161230",
      "name": "Not Found?",
      "type": "n8n-nodes-base.if",
      "position": [
        1200,
        2340
      ],
      "parameters": {},
      "typeVersion": 2.2
    },
    {
      "id": "4b351945-b69f-4631-bec7-9a4abf3b0185",
      "name": "Download File",
      "type": "n8n-nodes-base.googleDrive",
      "position": [
        1640,
        2340
      ],
      "parameters": {},
      "typeVersion": 3
    },
    {
      "id": "2c380825-054c-4a83-a298-7bca3048aaa9",
      "name": "Name, ID, & Link",
      "type": "@n8n/n8n-nodes-langchain.outputParserStructured",
      "position": [
        1000,
        2560
      ],
      "parameters": {},
      "typeVersion": 1.2
    },
    {
      "id": "3b04334b-6e5b-47c2-9aae-08a481e98188",
      "name": "Edit",
      "type": "n8n-nodes-base.set",
      "position": [
        1640,
        2540
      ],
      "parameters": {},
      "typeVersion": 3.4
    },
    {
      "id": "c85da303-2572-4c66-88f2-5393d5fa8398",
      "name": "Sticky Note7",
      "type": "n8n-nodes-base.stickyNote",
      "position": [
        1600,
        2500
      ],
      "parameters": {
        "content": ""
      },
      "typeVersion": 1
    },
    {
      "id": "1822eab5-a432-476a-b0c1-516112ab05d5",
      "name": "Sticky Note11",
      "type": "n8n-nodes-base.stickyNote",
      "position": [
        420,
        2240
      ],
      "parameters": {
        "content": ""
      },
      "typeVersion": 1
    },
    {
      "id": "f7a2595e-254b-4bc7-b3df-bf7233af4a06",
      "name": "Sticky Note14",
      "type": "n8n-nodes-base.stickyNote",
      "position": [
        1380,
        2200
      ],
      "parameters": {
        "content": ""
      },
      "typeVersion": 1
    },
    {
      "id": "e80112f7-0e8a-4003-9bbd-01aff4277fd5",
      "name": "Send Photo3",
      "type": "n8n-nodes-base.telegram",
      "position": [
        1860,
        2340
      ],
      "webhookId": "85dc0064-e5c5-45a9-91a5-60e5b2bc4f1e",
      "parameters": {},
      "typeVersion": 1.2
    },
    {
      "id": "1b1bf2ad-fc9f-4d0d-84ab-4cc8cd98c2b5",
      "name": "OpenAI Chat Model3",
      "type": "@n8n/n8n-nodes-langchain.lmChatOpenAi",
      "position": [
        760,
        2560
      ],
      "parameters": {},
      "typeVersion": 1.2
    },
    {
      "id": "2aab7466-16e3-4164-8282-e13b97554950",
      "name": "Sticky Note5",
      "type": "n8n-nodes-base.stickyNote",
      "position": [
        -2000,
        200
      ],
      "parameters": {
        "content": ""
      },
      "typeVersion": 1
    }
  ],
  "active": false,
  "pinData": {},
  "settings": {
    "executionOrder": "v1"
  },
  "versionId": "7c64f75e-3f59-4abf-a9d6-58526fd9f71d",
  "connections": {
    "Get?": {
      "main": [
        [
          {
            "node": "Download File",
            "type": "main",
            "index": 0
          }
        ],
        [
          {
            "node": "Edit",
            "type": "main",
            "index": 0
          }
        ]
      ]
    },
    "Think": {
      "ai_tool": [
        [
          {
            "node": "Marketing Team Agent",
            "type": "ai_tool",
            "index": 0
          }
        ]
      ]
    },
    "Tavily": {
      "ai_tool": [
        [
          {
            "node": "Blog Post Agent",
            "type": "ai_tool",
            "index": 0
          }
        ]
      ]
    },
    "Upload": {
      "main": [
        [
          {
            "node": "Image Log2",
            "type": "main",
            "index": 0
          }
        ]
      ]
    },
    "Webhook": {
      "main": [
        [
          {
            "node": "Marketing Team Agent",
            "type": "main",
            "index": 0
          }
        ]
      ]
    },
    "Download": {
      "main": [
        [
          {
            "node": "Edit Image1",
            "type": "main",
            "index": 0
          }
        ]
      ]
    },
    "Blog Post": {
      "ai_tool": [
        [
          {
            "node": "Marketing Team Agent",
            "type": "ai_tool",
            "index": 0
          }
        ]
      ]
    },
    "Edit Image": {
      "ai_tool": [
        [
          {
            "node": "Marketing Team Agent",
            "type": "ai_tool",
            "index": 0
          }
        ]
      ]
    },
    "Not Found?": {
      "main": [
        [
          {
            "node": "Not Found",
            "type": "main",
            "index": 0
          }
        ],
        [
          {
            "node": "Get?",
            "type": "main",
            "index": 0
          }
        ]
      ]
    },
    "Edit Image1": {
      "main": [
        [
          {
            "node": "Convert to File1",
            "type": "main",
            "index": 0
          }
        ]
      ]
    },
    "Send Photo2": {
      "main": [
        [
          {
            "node": "Send Blog",
            "type": "main",
            "index": 0
          }
        ]
      ]
    },
    "Create Image": {
      "ai_tool": [
        [
          {
            "node": "Marketing Team Agent",
            "type": "ai_tool",
            "index": 0
          }
        ]
      ]
    },
    "Google Drive": {
      "main": [
        [
          {
            "node": "Image Log",
            "type": "main",
            "index": 0
          }
        ]
      ]
    },
    "Image Prompt": {
      "main": [
        [
          {
            "node": "Generate Image",
            "type": "main",
            "index": 0
          }
        ]
      ]
    },
    "Upload Image": {
      "main": [
        [
          {
            "node": "Image Log1",
            "type": "main",
            "index": 0
          }
        ]
      ]
    },
    "Download File": {
      "main": [
        [
          {
            "node": "Send Photo3",
            "type": "main",
            "index": 0
          }
        ]
      ]
    },
    "Image & Title": {
      "ai_outputParser": [
        [
          {
            "node": "Image Prompt Agent",
            "type": "ai_outputParser",
            "index": 0
          }
        ]
      ]
    },
    "Search Images": {
      "ai_tool": [
        [
          {
            "node": "Marketing Team Agent",
            "type": "ai_tool",
            "index": 0
          }
        ]
      ]
    },
    "Simple Memory": {
      "ai_memory": [
        [
          {
            "node": "Marketing Team Agent",
            "type": "ai_memory",
            "index": 0
          }
        ]
      ]
    },
    "Generate Image": {
      "main": [
        [
          {
            "node": "Convert to File",
            "type": "main",
            "index": 0
          }
        ]
      ]
    },
    "Image Database": {
      "ai_tool": [
        [
          {
            "node": "Image Search Agent",
            "type": "ai_tool",
            "index": 0
          }
        ]
      ]
    },
    "Blog Post Agent": {
      "main": [
        [
          {
            "node": "Image Prompt Agent",
            "type": "main",
            "index": 0
          }
        ]
      ]
    },
    "Convert to File": {
      "main": [
        [
          {
            "node": "Google Drive",
            "type": "main",
            "index": 0
          },
          {
            "node": "Send Photo",
            "type": "main",
            "index": 0
          }
        ]
      ]
    },
    "Generate Image1": {
      "main": [
        [
          {
            "node": "Convert to Binary",
            "type": "main",
            "index": 0
          }
        ]
      ]
    },
    "Convert to File1": {
      "main": [
        [
          {
            "node": "Send Photo1",
            "type": "main",
            "index": 0
          },
          {
            "node": "Upload Image",
            "type": "main",
            "index": 0
          }
        ]
      ]
    },
    "Name, ID, & Link": {
      "ai_outputParser": [
        [
          {
            "node": "Image Search Agent",
            "type": "ai_outputParser",
            "index": 0
          }
        ]
      ]
    },
    "Convert to Binary": {
      "main": [
        [
          {
            "node": "Send Photo2",
            "type": "main",
            "index": 0
          },
          {
            "node": "Upload",
            "type": "main",
            "index": 0
          }
        ]
      ]
    },
    "OpenAI Chat Model": {
      "ai_languageModel": [
        [
          {
            "node": "Marketing Team Agent",
            "type": "ai_languageModel",
            "index": 0
          }
        ]
      ]
    },
    "Image Prompt Agent": {
      "main": [
        [
          {
            "node": "Generate Image1",
            "type": "main",
            "index": 0
          }
        ]
      ]
    },
    "Image Search Agent": {
      "main": [
        [
          {
            "node": "Not Found?",
            "type": "main",
            "index": 0
          }
        ]
      ]
    },
    "OpenAI Chat Model1": {
      "ai_languageModel": [
        [
          {
            "node": "Image Prompt",
            "type": "ai_languageModel",
            "index": 0
          }
        ]
      ]
    },
    "OpenAI Chat Model2": {
      "ai_languageModel": [
        [
          {
            "node": "Image Prompt Agent",
            "type": "ai_languageModel",
            "index": 0
          },
          {
            "node": "Blog Post Agent",
            "type": "ai_languageModel",
            "index": 0
          }
        ]
      ]
    },
    "OpenAI Chat Model3": {
      "ai_languageModel": [
        [
          {
            "node": "Image Search Agent",
            "type": "ai_languageModel",
            "index": 0
          }
        ]
      ]
    },
    "Marketing Team Agent": {
      "main": [
        [
          {
            "node": "Respond to Webhook",
            "type": "main",
            "index": 0
          }
        ]
      ]
    },
    "When Executed by Another Workflow": {
      "main": [
        [
          {
            "node": "Image Prompt",
            "type": "main",
            "index": 0
          },
          {
            "node": "Image Search Agent",
            "type": "main",
            "index": 0
          },
          {
            "node": "Blog Post Agent",
            "type": "main",
            "index": 0
          },
          {
            "node": "Download",
            "type": "main",
            "index": 0
          }
        ]
      ]
    }
  }
}