{
  "meta": {
    "instanceId": "cd59eaaeb7b34d06e24511380db94cdb7fbce6037cc4de22e539c5158ab9cdfc"
  },
  "nodes": [
    {
      "id": "ef7c1583-9dcf-4a04-930b-c4f193e3ed83",
      "name": "Workflow Overview 0",
      "type": "n8n-nodes-base.stickyNote",
      "position": [
        -1460,
        120
      ],
      "parameters": {
        "content": ""
      },
      "typeVersion": 1
    },
    {
      "id": "e3b83b2b-ff1f-4383-9b9b-a3eeecef46e6",
      "name": "X (Formerly Twitter) Tool MCP Server",
      "type": "@n8n/n8n-nodes-langchain.mcpTrigger",
      "position": [
        -420,
        160
      ],
      "webhookId": "5a8e5cbc-184a-4df4-907a-56a4d3d808ab",
      "parameters": {},
      "typeVersion": 1
    },
    {
      "id": "8531825c-17f3-4f8b-b93e-5b58a9fbbee0",
      "name": "Create Direct Message",
      "type": "n8n-nodes-base.twitterTool",
      "position": [
        -800,
        140
      ],
      "parameters": {},
      "typeVersion": 2
    },
    {
      "id": "3e8e5967-aa91-4d1c-a085-51d74706010c",
      "name": "Sticky Note 1",
      "type": "n8n-nodes-base.stickyNote",
      "position": [
        -1000,
        120
      ],
      "parameters": {
        "content": ""
      },
      "typeVersion": 1
    },
    {
      "id": "61f9d796-dcb8-4659-bfe3-96c7609ae02e",
      "name": "Add Member to List",
      "type": "n8n-nodes-base.twitterTool",
      "position": [
        -800,
        380
      ],
      "parameters": {},
      "typeVersion": 2
    },
    {
      "id": "96fed9cf-8168-490e-8a2d-967cfac6dd86",
      "name": "Sticky Note 2",
      "type": "n8n-nodes-base.stickyNote",
      "position": [
        -1000,
        360
      ],
      "parameters": {
        "content": ""
      },
      "typeVersion": 1
    },
    {
      "id": "433590bc-b185-49dd-bfa2-7739da8ef018",
      "name": "Create Tweet",
      "type": "n8n-nodes-base.twitterTool",
      "position": [
        -800,
        620
      ],
      "parameters": {},
      "typeVersion": 2
    },
    {
      "id": "c139e9a6-3a1a-4ace-a3fd-3d93f132bc59",
      "name": "Delete Tweet",
      "type": "n8n-nodes-base.twitterTool",
      "position": [
        -580,
        620
      ],
      "parameters": {},
      "typeVersion": 2
    },
    {
      "id": "1305dac9-33f9-4deb-95ee-4678d0afc720",
      "name": "Like Tweet",
      "type": "n8n-nodes-base.twitterTool",
      "position": [
        -360,
        620
      ],
      "parameters": {},
      "typeVersion": 2
    },
    {
      "id": "1873a4fa-930d-416f-8bc5-d896738730d7",
      "name": "Retweet Tweet",
      "type": "n8n-nodes-base.twitterTool",
      "position": [
        -140,
        620
      ],
      "parameters": {},
      "typeVersion": 2
    },
    {
      "id": "923db232-0d66-49b5-bad6-6aef0c1eb2af",
      "name": "Search Tweets",
      "type": "n8n-nodes-base.twitterTool",
      "position": [
        80,
        620
      ],
      "parameters": {},
      "typeVersion": 2
    },
    {
      "id": "598830e9-4c6a-4a65-82cf-249083ce0ddc",
      "name": "Sticky Note 3",
      "type": "n8n-nodes-base.stickyNote",
      "position": [
        -1000,
        600
      ],
      "parameters": {
        "content": ""
      },
      "typeVersion": 1
    },
    {
      "id": "4513077a-daea-42b7-9bac-32ccc3525759",
      "name": "Get User",
      "type": "n8n-nodes-base.twitterTool",
      "position": [
        -800,
        860
      ],
      "parameters": {},
      "typeVersion": 2
    },
    {
      "id": "5c8f1fbb-bcb9-4613-a849-9e8b12b05f0d",
      "name": "Sticky Note 4",
      "type": "n8n-nodes-base.stickyNote",
      "position": [
        -1000,
        840
      ],
      "parameters": {
        "content": ""
      },
      "typeVersion": 1
    }
  ],
  "pinData": {},
  "connections": {
    "Get User": {
      "ai_tool": [
        [
          {
            "node": "X (Formerly Twitter) Tool MCP Server",
            "type": "ai_tool",
            "index": 0
          }
        ]
      ]
    },
    "Like Tweet": {
      "ai_tool": [
        [
          {
            "node": "X (Formerly Twitter) Tool MCP Server",
            "type": "ai_tool",
            "index": 0
          }
        ]
      ]
    },
    "Create Tweet": {
      "ai_tool": [
        [
          {
            "node": "X (Formerly Twitter) Tool MCP Server",
            "type": "ai_tool",
            "index": 0
          }
        ]
      ]
    },
    "Delete Tweet": {
      "ai_tool": [
        [
          {
            "node": "X (Formerly Twitter) Tool MCP Server",
            "type": "ai_tool",
            "index": 0
          }
        ]
      ]
    },
    "Retweet Tweet": {
      "ai_tool": [
        [
          {
            "node": "X (Formerly Twitter) Tool MCP Server",
            "type": "ai_tool",
            "index": 0
          }
        ]
      ]
    },
    "Search Tweets": {
      "ai_tool": [
        [
          {
            "node": "X (Formerly Twitter) Tool MCP Server",
            "type": "ai_tool",
            "index": 0
          }
        ]
      ]
    },
    "Add Member to List": {
      "ai_tool": [
        [
          {
            "node": "X (Formerly Twitter) Tool MCP Server",
            "type": "ai_tool",
            "index": 0
          }
        ]
      ]
    },
    "Create Direct Message": {
      "ai_tool": [
        [
          {
            "node": "X (Formerly Twitter) Tool MCP Server",
            "type": "ai_tool",
            "index": 0
          }
        ]
      ]
    }
  }
}