{
  "nodes": [
    {
      "name": "On clicking 'execute'",
      "type": "n8n-nodes-base.manualTrigger",
      "position": [
        250,
        300
      ],
      "parameters": {},
      "typeVersion": 1
    },
    {
      "name": "LingvaNex",
      "type": "n8n-nodes-base.lingvaNex",
      "position": [
        650,
        300
      ],
      "parameters": {
        "text": "={{$node[\"HTTP Request\"].json[\"drinks\"][0][\"strInstructions\"]}}",
        "options": {},
        "translateTo": "it_IT"
      },
      "credentials": {
        "lingvaNexApi": "LingvaNex"
      },
      "typeVersion": 1
    },
    {
      "name": "HTTP Request",
      "type": "n8n-nodes-base.httpRequest",
      "position": [
        450,
        300
      ],
      "parameters": {
        "url": "https://www.thecocktaildb.com/api/json/v1/1/random.php",
        "options": {}
      },
      "typeVersion": 1
    }
  ],
  "connections": {
    "HTTP Request": {
      "main": [
        [
          {
            "node": "LingvaNex",
            "type": "main",
            "index": 0
          }
        ]
      ]
    },
    "On clicking 'execute'": {
      "main": [
        [
          {
            "node": "HTTP Request",
            "type": "main",
            "index": 0
          }
        ]
      ]
    }
  }
}